2026-03-30 15:14:23,505 [INFO] ============================================================
2026-03-30 15:14:23,506 [INFO] 开始同步归档中的 Study 分类 (目标服务器: http://172.16.82.11:18081/dcm4chee-arc/aets/DCM4CHEE/rs)
2026-03-30 15:14:23,506 [INFO] !!! 注意：当前处于 DRY-RUN 模式，不会执行实际更新 !!!
2026-03-30 15:14:23,506 [INFO] ============================================================
2026-03-30 15:14:23,577 [INFO] [QIDO] 获取到 offset=0 的数据，当前累计 fetched=200
2026-03-30 15:14:23,644 [INFO] [QIDO] 获取到 offset=200 的数据，当前累计 fetched=400
2026-03-30 15:14:23,705 [INFO] [QIDO] 获取到 offset=400 的数据，当前累计 fetched=600
2026-03-30 15:14:23,768 [INFO] [QIDO] 获取到 offset=600 的数据，当前累计 fetched=800
2026-03-30 15:14:23,833 [INFO] [QIDO] 获取到 offset=800 的数据，当前累计 fetched=1000
2026-03-30 15:14:23,887 [INFO] [QIDO] 获取到 offset=1000 的数据，当前累计 fetched=1143
2026-03-30 15:14:23,888 [INFO] 计划处理 1143 个 Study...
2026-03-30 15:14:23,913 [INFO] [1/1143] [DRY] 1.2.840.113619.186.80861568102.20241216144446137.641 标签值: 冷冻消融及随访/北大人民医院
2026-03-30 15:14:23,917 [INFO] [2/1143] [DRY] 1.2.840.113619.186.80861568102.20250303162138439.542 标签值: 冷冻消融及随访/北大人民医院
2026-03-30 15:14:23,917 [INFO] [3/1143] [DRY] 1.2.840.113619.186.80861568102.20250409093852689.541 标签值: 冷冻消融及随访/北大人民医院
2026-03-30 15:14:23,922 [INFO] [4/1143] [DRY] 1.2.840.113619.186.80861568102.20241027093646466.193 标签值: 冷冻消融及随访/北大人民医院
2026-03-30 15:14:23,926 [INFO] [5/1143] [DRY] 1.2.840.113619.186.80861568102.20250215085316753.929 标签值: 冷冻消融及随访/北大人民医院
2026-03-30 15:14:23,927 [INFO] [6/1143] [DRY] 1.2.840.113619.2.476.185487856694216539028781573123244625882 标签值: 冷冻消融及随访/北大人民医院
2026-03-30 15:14:23,934 [INFO] [7/1143] [DRY] 1.2.840.113619.186.80861568102.20250630133120430.913 标签值: 冷冻消融及随访/北大人民医院
2026-03-30 15:14:23,934 [INFO] [8/1143] [DRY] 1.2.840.113619.2.476.300606269478057720928903792634809490204 标签值: 冷冻消融及随访/北大人民医院
2026-03-30 15:14:23,937 [INFO] [9/1143] [DRY] 1.2.840.113619.186.80861568102.20250628142705866.373 标签值: 冷冻消融及随访/北大人民医院
2026-03-30 15:14:23,970 [INFO] [10/1143] [DRY] 1.2.840.113619.2.278.3.497870658.331.1736727245.266 标签值: 临床试验数据/北京医院
2026-03-30 15:14:23,971 [INFO] [11/1143] [DRY] 1.2.840.113619.186.80861568102.20241021173828695.234 标签值: 冷冻消融及随访/北大人民医院
2026-03-30 15:14:23,971 [INFO] [12/1143] [DRY] 1.2.840.113619.186.80861568102.20240222101648438.244 标签值: 冷冻消融及随访/北大人民医院
2026-03-30 15:14:23,971 [INFO] [13/1143] [DRY] 1.2.840.113619.186.80861568102.20240620100022362.950 标签值: 冷冻消融及随访/北大人民医院
2026-03-30 15:14:23,972 [INFO] [14/1143] [DRY] 1.2.840.113619.186.80861568102.20240108130249541.557 标签值: 冷冻消融及随访/北大人民医院
2026-03-30 15:14:23,973 [INFO] [15/1143] [DRY] 1.2.840.113619.186.80861568102.20251027202405827.957 标签值: 冷冻消融及随访/北大人民医院
2026-03-30 15:14:23,974 [INFO] [16/1143] [DRY] 1.2.156.14702.1.1015.124.0.20240108143730282 标签值: 冷冻消融及随访/北大人民医院
2026-03-30 15:14:23,974 [INFO] [17/1143] [DRY] 1.2.840.113619.186.80861568102.20250730094705073.568 标签值: 冷冻消融及随访/北大人民医院
2026-03-30 15:14:23,984 [INFO] [18/1143] [DRY] 1.2.840.113619.2.278.3.497870658.331.1736727250.26 标签值: 临床试验数据/北京医院
2026-03-30 15:14:23,987 [INFO] [19/1143] [DRY] 1.2.840.113619.2.278.3.497870658.331.1736727250.632 标签值: 临床试验数据/北京医院
2026-03-30 15:14:23,987 [INFO] [20/1143] [DRY] 1.2.840.113619.2.278.3.497870658.331.1736727243.409 标签值: 临床试验数据/北京医院
2026-03-30 15:14:23,991 [INFO] [21/1143] [DRY] 1.2.840.113619.2.278.3.497870658.268.1736301235.224 标签值: 临床试验数据/北京医院
2026-03-30 15:14:23,991 [INFO] [22/1143] [DRY] 1.2.840.113619.2.278.3.497870658.331.1736727256.30 标签值: 临床试验数据/北京医院
2026-03-30 15:14:23,991 [INFO] [23/1143] [DRY] 1.2.840.113619.2.278.3.497870658.331.1736727242.563 标签值: 临床试验数据/北京医院
2026-03-30 15:14:23,993 [INFO] [24/1143] [DRY] 1.2.840.113619.2.278.3.497870658.331.1736727251.397 标签值: 临床试验数据/北京医院
2026-03-30 15:14:23,995 [INFO] [25/1143] [DRY] 1.2.840.113619.2.278.3.497870658.331.1736727253.158 标签值: 临床试验数据/北京医院
2026-03-30 15:14:24,000 [INFO] [26/1143] [DRY] 1.2.840.113619.2.278.3.497870658.268.1736301234.919 标签值: 临床试验数据/北京医院
2026-03-30 15:14:24,000 [INFO] [27/1143] [DRY] 1.2.840.113619.2.278.3.497870658.331.1736727248.197 标签值: 临床试验数据/北京医院
2026-03-30 15:14:24,002 [INFO] [28/1143] [DRY] 1.2.840.113619.2.278.3.497870658.331.1736727246.344 标签值: 临床试验数据/北京医院
2026-03-30 15:14:24,004 [INFO] [29/1143] [DRY] 1.2.840.113619.2.278.3.497870658.331.1736727255.147 标签值: 临床试验数据/北京医院
2026-03-30 15:14:24,007 [INFO] [30/1143] [DRY] 1.2.840.113619.2.278.3.497870658.331.1736727266.894 标签值: 临床试验数据/北京医院
2026-03-30 15:14:24,009 [INFO] [31/1143] [DRY] 1.2.840.113619.2.278.3.497870658.331.1736727250.976 标签值: 临床试验数据/北京医院
2026-03-30 15:14:24,010 [INFO] [32/1143] [DRY] 1.2.840.113619.2.278.3.497870658.331.1736727266.620 标签值: 临床试验数据/北京医院
2026-03-30 15:14:24,012 [INFO] [33/1143] [DRY] 1.2.840.113619.2.278.3.497870658.331.1736727259.214 标签值: 临床试验数据/北京医院
2026-03-30 15:14:24,028 [INFO] [34/1143] [DRY] 1.2.840.113619.2.278.3.497870658.331.1736727258.573 标签值: 临床试验数据/北京医院
2026-03-30 15:14:24,028 [INFO] [35/1143] [DRY] 1.2.840.113619.2.278.3.497870658.331.1736727261.958 标签值: 临床试验数据/北京医院
2026-03-30 15:14:24,029 [INFO] [36/1143] [DRY] 1.2.840.113619.2.278.3.497870658.331.1736727243.722 标签值: 临床试验数据/北京医院
2026-03-30 15:14:24,029 [INFO] [37/1143] [DRY] 1.2.840.113619.2.278.3.497870658.331.1736727266.238 标签值: 临床试验数据/北京医院
2026-03-30 15:14:24,043 [INFO] [38/1143] [DRY] 1.2.840.113619.2.278.3.497870658.268.1736301235.714 标签值: 临床试验数据/北京医院
2026-03-30 15:14:24,043 [INFO] [39/1143] [DRY] 1.2.840.113619.2.278.3.497870658.331.1736727242.934 标签值: 临床试验数据/北京医院
2026-03-30 15:14:24,044 [INFO] [40/1143] [DRY] 1.2.840.113619.2.278.3.497870658.331.1736727253.654 标签值: 临床试验数据/北京医院
2026-03-30 15:14:24,044 [INFO] [41/1143] [DRY] 1.2.840.113619.2.278.3.497870658.331.1736727263.255 标签值: 临床试验数据/北京医院
2026-03-30 15:14:24,050 [INFO] [42/1143] [DRY] 1.2.840.113619.2.278.3.497870658.268.1736301234.423 标签值: 临床试验数据/北京医院
2026-03-30 15:14:24,059 [INFO] [43/1143] [DRY] 1.2.840.113619.2.278.3.497870658.331.1736727265.568 标签值: 临床试验数据/北京医院
2026-03-30 15:14:24,060 [INFO] [44/1143] [DRY] 1.2.840.113619.2.278.3.497870658.331.1736727262.195 标签值: 临床试验数据/北京医院
2026-03-30 15:14:24,061 [INFO] [45/1143] [DRY] 1.2.840.113619.2.278.3.497870658.331.1736727248.774 标签值: 临床试验数据/北京医院
2026-03-30 15:14:24,061 [INFO] [46/1143] [DRY] 1.2.840.113619.2.278.3.497870658.331.1736727262.524 标签值: 临床试验数据/北京医院
2026-03-30 15:14:24,062 [INFO] [47/1143] [DRY] 1.2.840.113619.2.278.3.497870658.331.1736727261.437 标签值: 临床试验数据/北京医院
2026-03-30 15:14:24,064 [INFO] [48/1143] [DRY] 1.2.840.113619.2.278.3.497870658.331.1736727258.227 标签值: 临床试验数据/北京医院
2026-03-30 15:14:24,073 [INFO] [49/1143] [DRY] 1.2.840.113619.2.278.3.497870658.331.1736727247.848 标签值: 临床试验数据/北京医院
2026-03-30 15:14:24,074 [INFO] [50/1143] [DRY] 1.2.840.113619.2.278.3.497870658.331.1736727244.318 标签值: 临床试验数据/北京医院
2026-03-30 15:14:24,075 [INFO] [51/1143] [DRY] 1.2.840.113619.2.278.3.497870658.331.1736727252.815 标签值: 临床试验数据/北京医院
2026-03-30 15:14:24,075 [INFO] [52/1143] [DRY] 1.2.840.113619.2.278.3.497870658.331.1736727247.502 标签值: 临床试验数据/北京医院
2026-03-30 15:14:24,076 [INFO] [53/1143] [DRY] 1.2.840.113619.2.278.3.497870658.331.1736727262.789 标签值: 临床试验数据/北京医院
2026-03-30 15:14:24,094 [INFO] [54/1143] [DRY] 1.2.840.113619.2.416.153958247193233439187570243556403947279 标签值: 临床试验数据/佑安医院
2026-03-30 15:14:24,094 [INFO] [55/1143] [DRY] 428940 标签值: HyData/原始数据
2026-03-30 15:14:24,094 [INFO] [56/1143] [DRY] 426739 标签值: HyData/原始数据
2026-03-30 15:14:24,095 [INFO] [57/1143] [DRY] 1.2.840.113619.2.416.240186451309376806589775362078000933969 标签值: 临床试验数据/佑安医院
2026-03-30 15:14:24,096 [INFO] [58/1143] [DRY] 1.2.840.113619.186.80861568102.20240226125748457.982 标签值: 冷冻消融及随访/北大人民医院
2026-03-30 15:14:24,101 [INFO] [59/1143] [DRY] 417417 标签值: HyData/原始数据
2026-03-30 15:14:24,103 [INFO] [60/1143] [DRY] 1.2.156.14702.1.1015.124.0.20240226151216625 标签值: 冷冻消融及随访/北大人民医院
2026-03-30 15:14:24,103 [INFO] [61/1143] [DRY] 421412 标签值: HyData/原始数据
2026-03-30 15:14:24,107 [INFO] [62/1143] [DRY] 1.2.840.113619.2.278.3.497870658.331.1736727259.524 标签值: 临床试验数据/北京医院
2026-03-30 15:14:24,108 [INFO] [63/1143] [DRY] 1.2.840.113619.2.278.3.497870658.331.1736727256.327 标签值: 临床试验数据/北京医院
2026-03-30 15:14:24,116 [INFO] [64/1143] [DRY] 1.2.840.113619.186.80861568102.20240520151354673.909 标签值: 冷冻消融及随访/北大人民医院
2026-03-30 15:14:24,118 [INFO] [65/1143] [DRY] 1.2.840.113619.2.416.175045067421356001110418671657553490492 标签值: 临床试验数据/佑安医院
2026-03-30 15:14:24,118 [INFO] [66/1143] [DRY] 431908 标签值: HyData/原始数据
2026-03-30 15:14:24,119 [INFO] [67/1143] [DRY] 1.2.840.113619.186.80861568102.20240408160924866.796 标签值: 冷冻消融及随访/北大人民医院
2026-03-30 15:14:24,136 [INFO] [68/1143] [DRY] 1.2.840.113619.186.80861568102.20240809075725838.224 标签值: 冷冻消融及随访/北大人民医院
2026-03-30 15:14:24,137 [INFO] [69/1143] [DRY] 1.2.840.113619.186.80861568102.20240919080214936.268 标签值: 冷冻消融及随访/北大人民医院
2026-03-30 15:14:24,138 [INFO] [70/1143] [DRY] 1.2.840.113619.186.80861568102.20231225075651225.191 标签值: 冷冻消融及随访/北大人民医院
2026-03-30 15:14:24,139 [INFO] [71/1143] [DRY] 432339 标签值: HyData/原始数据
2026-03-30 15:14:24,139 [INFO] [72/1143] [DRY] 1.2.840.113619.186.80861568102.20240328082651431.328 标签值: 冷冻消融及随访/北大人民医院
2026-03-30 15:14:24,141 [INFO] [73/1143] [DRY] 423576 标签值: HyData/原始数据
2026-03-30 15:14:24,141 [INFO] [74/1143] [DRY] 424589 标签值: HyData/原始数据
2026-03-30 15:14:24,146 [INFO] [75/1143] [DRY] 1.2.840.113619.186.80861568102.20241101163503292.466 标签值: 冷冻消融及随访/北大人民医院
2026-03-30 15:14:24,147 [INFO] [76/1143] [DRY] 1.2.840.113619.186.80861568102.20240510082723696.724 标签值: 冷冻消融及随访/北大人民医院
2026-03-30 15:14:24,149 [INFO] [77/1143] [DRY] 426511 标签值: HyData/原始数据
2026-03-30 15:14:24,167 [INFO] [78/1143] [DRY] 1.2.840.113619.186.80861568102.20250101153143930.984 标签值: 冷冻消融及随访/北大人民医院
2026-03-30 15:14:24,169 [INFO] [79/1143] [DRY] 1.2.840.113619.2.416.252703122742891902720739149292514948566 标签值: 临床试验数据/佑安医院
2026-03-30 15:14:24,169 [INFO] [80/1143] [DRY] 1.2.840.113619.186.80861568102.20241204162944152.525 标签值: 冷冻消融及随访/北大人民医院
2026-03-30 15:14:24,169 [INFO] [81/1143] [DRY] 1.2.840.113619.186.80861568102.20250228150925535.959 标签值: 冷冻消融及随访/北大人民医院
2026-03-30 15:14:24,169 [INFO] [82/1143] [DRY] 436446 标签值: HyData/原始数据
2026-03-30 15:14:24,180 [INFO] [83/1143] [SKIP] 1.2.840.113564.345049290535.11068.638788508467836907.421562 (未找到标签 77771027)
2026-03-30 15:14:24,182 [INFO] [84/1143] [DRY] 433660 标签值: HyData/原始数据
2026-03-30 15:14:24,183 [INFO] [85/1143] [DRY] 1.2.840.113619.186.80861568102.20250729100732406.355 标签值: 冷冻消融及随访/北大人民医院
2026-03-30 15:14:24,187 [INFO] [86/1143] [DRY] 433586 标签值: HyData/原始数据
2026-03-30 15:14:24,187 [INFO] [87/1143] [DRY] 1.2.840.113619.186.80861568102.20250926090519728.532 标签值: 冷冻消融及随访/北大人民医院
2026-03-30 15:14:24,188 [INFO] [88/1143] [DRY] 1.3.12.2.1107.5.1.4.65644.30000020061600164328700000012 标签值: HyData/原始数据
2026-03-30 15:14:24,189 [INFO] [89/1143] [DRY] 1.2.840.113619.186.80861568102.20251111085949209.288 标签值: 冷冻消融及随访/北大人民医院
2026-03-30 15:14:24,190 [INFO] [90/1143] [DRY] 470799 标签值: HyData/原始数据
2026-03-30 15:14:24,196 [INFO] [91/1143] [DRY] 1.3.12.2.1107.5.1.4.65644.30000020121500070208500000011 标签值: HyData/原始数据
2026-03-30 15:14:24,215 [INFO] [92/1143] [DRY] 424582 标签值: HyData/原始数据
2026-03-30 15:14:24,216 [INFO] [93/1143] [DRY] 446990 标签值: HyData/原始数据
2026-03-30 15:14:24,217 [INFO] [94/1143] [DRY] 497939 标签值: HyData/原始数据
2026-03-30 15:14:24,217 [INFO] [95/1143] [DRY] 426745 标签值: HyData/原始数据
2026-03-30 15:14:24,217 [INFO] [96/1143] [DRY] 1.2.840.113619.2.416.8715219262788394649603769636451591166 标签值: 临床试验数据/佑安医院
2026-03-30 15:14:24,218 [INFO] [97/1143] [DRY] 1.2.840.113619.186.80861568102.20240213081218801.144 标签值: 冷冻消融及随访/北大人民医院
2026-03-30 15:14:24,225 [INFO] [98/1143] [DRY] 474966 标签值: HyData/原始数据
2026-03-30 15:14:24,225 [INFO] [99/1143] [DRY] 1.2.840.113619.186.80861568102.20251219150223153.765 标签值: 冷冻消融及随访/北大人民医院
2026-03-30 15:14:24,229 [INFO] [100/1143] [DRY] 433955 标签值: HyData/原始数据
2026-03-30 15:14:24,230 [INFO] [101/1143] [DRY] 516864 标签值: HyData/原始数据
2026-03-30 15:14:24,234 [INFO] [102/1143] [DRY] 1.2.840.113619.186.80861568102.20240406131849198.195 标签值: 冷冻消融及随访/北大人民医院
2026-03-30 15:14:24,236 [INFO] [103/1143] [DRY] 496383 标签值: HyData/原始数据
2026-03-30 15:14:24,241 [INFO] [104/1143] [DRY] 422607 标签值: HyData/原始数据
2026-03-30 15:14:24,241 [INFO] [105/1143] [DRY] 482882 标签值: HyData/原始数据
2026-03-30 15:14:24,241 [INFO] [106/1143] [DRY] 506175 标签值: HyData/原始数据
2026-03-30 15:14:24,242 [INFO] [107/1143] [DRY] 1.3.12.2.1107.5.1.4.65644.30000020050600112503200000009 标签值: HyData/原始数据
2026-03-30 15:14:24,244 [INFO] [108/1143] [DRY] 1.2.840.113619.2.416.322141573958291810447347904464597949003 标签值: 临床试验数据/佑安医院
2026-03-30 15:14:24,245 [INFO] [109/1143] [DRY] 491002 标签值: HyData/原始数据
2026-03-30 15:14:24,250 [INFO] [110/1143] [DRY] 1.2.840.113619.186.80861568102.20250505125916487.296 标签值: 冷冻消融及随访/北大人民医院
2026-03-30 15:14:24,252 [INFO] [111/1143] [DRY] 1.2.840.113619.186.80861568102.20250915132148616.539 标签值: 冷冻消融及随访/北大人民医院
2026-03-30 15:14:24,277 [INFO] [112/1143] [DRY] 495094 标签值: HyData/原始数据
2026-03-30 15:14:24,278 [INFO] [113/1143] [DRY] 1.2.840.113619.186.80861568102.20250625173304830.795 标签值: 冷冻消融及随访/北大人民医院
2026-03-30 15:14:24,279 [INFO] [114/1143] [DRY] 514913 标签值: HyData/原始数据
2026-03-30 15:14:24,279 [INFO] [115/1143] [DRY] 428621 标签值: HyData/原始数据
2026-03-30 15:14:24,279 [INFO] [116/1143] [DRY] 433661 标签值: HyData/原始数据
2026-03-30 15:14:24,279 [INFO] [117/1143] [DRY] 489209 标签值: HyData/原始数据
2026-03-30 15:14:24,285 [INFO] [118/1143] [DRY] 513616 标签值: HyData/原始数据
2026-03-30 15:14:24,285 [INFO] [119/1143] [DRY] 514914 标签值: HyData/原始数据
2026-03-30 15:14:24,287 [INFO] [120/1143] [DRY] 430344 标签值: HyData/原始数据
2026-03-30 15:14:24,288 [INFO] [121/1143] [DRY] 494158 标签值: HyData/原始数据
2026-03-30 15:14:24,305 [INFO] [122/1143] [DRY] 492749 标签值: HyData/原始数据
2026-03-30 15:14:24,305 [INFO] [123/1143] [DRY] 1.2.840.113619.186.80861568102.20250731090311656.538 标签值: 冷冻消融及随访/北大人民医院
2026-03-30 15:14:24,305 [INFO] [124/1143] [DRY] 504025 标签值: HyData/原始数据
2026-03-30 15:14:24,305 [INFO] [125/1143] [DRY] 431478 标签值: HyData/原始数据
2026-03-30 15:14:24,319 [INFO] [126/1143] [DRY] 504764 标签值: HyData/原始数据
2026-03-30 15:14:24,319 [INFO] [127/1143] [DRY] 499963 标签值: HyData/原始数据
2026-03-30 15:14:24,320 [INFO] [128/1143] [DRY] 428235 标签值: HyData/原始数据
2026-03-30 15:14:24,320 [INFO] [129/1143] [DRY] 424591 标签值: HyData/原始数据
2026-03-30 15:14:24,334 [INFO] [130/1143] [DRY] 1.2.840.113619.186.80861568102.20240313135255169.205 标签值: 冷冻消融及随访/北大人民医院
2026-03-30 15:14:24,335 [INFO] [131/1143] [DRY] 512621 标签值: HyData/原始数据
2026-03-30 15:14:24,335 [INFO] [132/1143] [DRY] 429536 标签值: HyData/原始数据
2026-03-30 15:14:24,335 [INFO] [133/1143] [DRY] 506409 标签值: HyData/原始数据
2026-03-30 15:14:24,350 [INFO] [134/1143] [DRY] 1.2.840.113619.2.416.319726803601278682304437653390135908834 标签值: 临床试验数据/佑安医院
2026-03-30 15:14:24,350 [INFO] [135/1143] [DRY] 1.2.840.113564.622683164842.25540.638766985643075560.226 标签值: 临床试验数据/佑安医院
2026-03-30 15:14:24,350 [INFO] [136/1143] [DRY] 1.2.840.113619.2.278.3.34211337.166.1740529633.359 标签值: 临床试验数据/佑安医院
2026-03-30 15:14:24,350 [INFO] [137/1143] [DRY] 496067 标签值: HyData/原始数据
2026-03-30 15:14:24,368 [INFO] [138/1143] [DRY] 1.2.840.113619.186.80861568102.20251222144629725.515 标签值: 冷冻消融及随访/北大人民医院
2026-03-30 15:14:24,369 [INFO] [139/1143] [DRY] 504038 标签值: HyData/原始数据
2026-03-30 15:14:24,371 [INFO] [140/1143] [DRY] 511531 标签值: HyData/原始数据
2026-03-30 15:14:24,371 [INFO] [141/1143] [DRY] 1.3.12.2.1107.5.1.4.65644.30000020032400024113600000080 标签值: HyData/原始数据
2026-03-30 15:14:24,372 [INFO] [142/1143] [DRY] 1.2.840.113619.186.80861568102.20241220134012624.959 标签值: 冷冻消融及随访/北大人民医院
2026-03-30 15:14:24,372 [INFO] [143/1143] [DRY] 504520 标签值: HyData/原始数据
2026-03-30 15:14:24,381 [INFO] [144/1143] [DRY] 504043 标签值: HyData/原始数据
2026-03-30 15:14:24,382 [INFO] [145/1143] [DRY] 420039 标签值: HyData/原始数据
2026-03-30 15:14:24,383 [INFO] [146/1143] [DRY] 422013 标签值: HyData/原始数据
2026-03-30 15:14:24,385 [INFO] [147/1143] [DRY] 1.2.840.113619.186.80861568102.20240514172606767.149 标签值: 冷冻消融及随访/北大人民医院
2026-03-30 15:14:24,388 [INFO] [148/1143] [DRY] 492992 标签值: HyData/原始数据
2026-03-30 15:14:24,388 [INFO] [149/1143] [DRY] 1.2.840.113619.186.80861568102.20240313152008160.116 标签值: 冷冻消融及随访/北大人民医院
2026-03-30 15:14:24,389 [INFO] [150/1143] [DRY] 422012 标签值: HyData/原始数据
2026-03-30 15:14:24,390 [INFO] [151/1143] [DRY] 500647 标签值: HyData/原始数据
2026-03-30 15:14:24,410 [INFO] [152/1143] [DRY] 1.2.840.113619.2.416.339074160046579902934505713996967484335 标签值: 临床试验数据/佑安医院
2026-03-30 15:14:24,411 [INFO] [153/1143] [DRY] 501421 标签值: HyData/原始数据
2026-03-30 15:14:24,411 [INFO] [154/1143] [DRY] 1.2.840.113619.186.80861568102.20240403130855510.778 标签值: 冷冻消融及随访/北大人民医院
2026-03-30 15:14:24,411 [INFO] [155/1143] [DRY] 512618 标签值: HyData/原始数据
2026-03-30 15:14:24,425 [INFO] [156/1143] [DRY] 505708 标签值: HyData/原始数据
2026-03-30 15:14:24,426 [INFO] [157/1143] [DRY] 515114 标签值: HyData/原始数据
2026-03-30 15:14:24,426 [INFO] [158/1143] [DRY] 1.2.840.113619.186.80861568102.20240424145127949.893 标签值: 冷冻消融及随访/北大人民医院
2026-03-30 15:14:24,426 [INFO] [159/1143] [DRY] 432085 标签值: HyData/原始数据
2026-03-30 15:14:24,441 [INFO] [160/1143] [DRY] 507869 标签值: HyData/原始数据
2026-03-30 15:14:24,442 [INFO] [161/1143] [DRY] 508577 标签值: HyData/原始数据
2026-03-30 15:14:24,443 [INFO] [162/1143] [DRY] 432135 标签值: HyData/原始数据
2026-03-30 15:14:24,444 [INFO] [163/1143] [DRY] 1.2.840.113619.186.80861568102.20240601064413108.216 标签值: 冷冻消融及随访/北大人民医院
2026-03-30 15:14:24,444 [INFO] [164/1143] [DRY] 430054 标签值: HyData/原始数据
2026-03-30 15:14:24,444 [INFO] [165/1143] [DRY] 1.2.840.113619.186.80861568102.20240508121831779.109 标签值: 冷冻消融及随访/北大人民医院
2026-03-30 15:14:24,454 [INFO] [166/1143] [DRY] 1.2.840.113619.186.80861568102.20240711081914612.970 标签值: 冷冻消融及随访/北大人民医院
2026-03-30 15:14:24,454 [INFO] [167/1143] [DRY] 508447 标签值: HyData/原始数据
2026-03-30 15:14:24,459 [INFO] [168/1143] [DRY] 1.2.840.113619.2.416.129590615836135042200119787987180155542 标签值: 临床试验数据/佑安医院
2026-03-30 15:14:24,460 [INFO] [169/1143] [DRY] 425981 标签值: HyData/原始数据
2026-03-30 15:14:24,461 [INFO] [170/1143] [DRY] 1.2.840.113619.186.80861568102.20250306113246062.873 标签值: 冷冻消融及随访/北大人民医院
2026-03-30 15:14:24,463 [INFO] [171/1143] [DRY] 490037 标签值: HyData/原始数据
2026-03-30 15:14:24,465 [INFO] [172/1143] [DRY] 508909 标签值: HyData/原始数据
2026-03-30 15:14:24,465 [INFO] [173/1143] [DRY] 433672 标签值: HyData/原始数据
2026-03-30 15:14:24,470 [INFO] [174/1143] [DRY] 1.2.840.113619.186.80861568102.20240611083625431.379 标签值: 冷冻消融及随访/北大人民医院
2026-03-30 15:14:24,471 [INFO] [175/1143] [DRY] 430960 标签值: HyData/原始数据
2026-03-30 15:14:24,488 [INFO] [176/1143] [DRY] 1.2.840.113619.186.80861568102.20240426103604321.513 标签值: 冷冻消融及随访/北大人民医院
2026-03-30 15:14:24,489 [INFO] [177/1143] [DRY] 507370 标签值: HyData/原始数据
2026-03-30 15:14:24,499 [INFO] [178/1143] [DRY] 1.2.840.113619.186.80861568102.20240516152817745.752 标签值: 冷冻消融及随访/北大人民医院
2026-03-30 15:14:24,500 [INFO] [179/1143] [DRY] 428200 标签值: HyData/原始数据
2026-03-30 15:14:24,500 [INFO] [180/1143] [DRY] 491447 标签值: HyData/原始数据
2026-03-30 15:14:24,500 [INFO] [181/1143] [DRY] 502486 标签值: HyData/原始数据
2026-03-30 15:14:24,500 [INFO] [182/1143] [DRY] 1.2.840.113619.186.80861568102.20241213105425625.503 标签值: 冷冻消融及随访/北大人民医院
2026-03-30 15:14:24,501 [INFO] [183/1143] [DRY] 510538 标签值: HyData/原始数据
2026-03-30 15:14:24,517 [INFO] [184/1143] [DRY] 499223 标签值: HyData/原始数据
2026-03-30 15:14:24,519 [INFO] [185/1143] [DRY] 421726 标签值: HyData/原始数据
2026-03-30 15:14:24,521 [INFO] [186/1143] [DRY] 512619 标签值: HyData/原始数据
2026-03-30 15:14:24,521 [INFO] [187/1143] [DRY] 514649 标签值: HyData/原始数据
2026-03-30 15:14:24,521 [INFO] [188/1143] [DRY] 1.2.840.113619.186.80861568102.20250711132826087.732 标签值: 冷冻消融及随访/北大人民医院
2026-03-30 15:14:24,521 [INFO] [189/1143] [DRY] 426742 标签值: HyData/原始数据
2026-03-30 15:14:24,531 [INFO] [190/1143] [DRY] 429537 标签值: HyData/原始数据
2026-03-30 15:14:24,532 [INFO] [191/1143] [DRY] 511535 标签值: HyData/原始数据
2026-03-30 15:14:24,536 [INFO] [192/1143] [DRY] 506806 标签值: HyData/原始数据
2026-03-30 15:14:24,538 [INFO] [193/1143] [DRY] 512211 标签值: HyData/原始数据
2026-03-30 15:14:24,540 [INFO] [194/1143] [DRY] 501423 标签值: HyData/原始数据
2026-03-30 15:14:24,541 [INFO] [195/1143] [DRY] 429186 标签值: HyData/原始数据
2026-03-30 15:14:24,542 [INFO] [196/1143] [DRY] 1.2.840.113619.186.80861568102.20251125094927525.581 标签值: 冷冻消融及随访/北大人民医院
2026-03-30 15:14:24,542 [INFO] [197/1143] [DRY] 1.2.840.113619.2.416.262221879264143460481725366781328635166 标签值: 临床试验数据/佑安医院
2026-03-30 15:14:24,551 [INFO] [198/1143] [DRY] 497677 标签值: HyData/原始数据
2026-03-30 15:14:24,555 [INFO] [199/1143] [DRY] 420040 标签值: HyData/原始数据
2026-03-30 15:14:24,556 [INFO] [200/1143] [DRY] 503088 标签值: HyData/原始数据
2026-03-30 15:14:24,563 [INFO] [201/1143] [DRY] 501429 标签值: HyData/原始数据
2026-03-30 15:14:24,564 [INFO] [202/1143] [DRY] 1.2.156.112605.189250948959126.210505024713.2.8520.13816 标签值: HyData/原始数据
2026-03-30 15:14:24,564 [INFO] [203/1143] [DRY] 427687 标签值: HyData/原始数据
2026-03-30 15:14:24,564 [INFO] [204/1143] [DRY] 1.2.156.112605.189250948959126.210505024904.2.8520.14994 标签值: HyData/原始数据
2026-03-30 15:14:24,578 [INFO] [205/1143] [DRY] 434660 标签值: HyData/原始数据
2026-03-30 15:14:24,579 [INFO] [206/1143] [DRY] 513441 标签值: HyData/原始数据
2026-03-30 15:14:24,579 [INFO] [207/1143] [DRY] 1.2.840.113619.186.80861568102.20250421132455870.802 标签值: 冷冻消融及随访/北大人民医院
2026-03-30 15:14:24,579 [INFO] [208/1143] [DRY] 1.2.840.113619.186.80861568102.20250214080406639.362 标签值: 冷冻消融及随访/北大人民医院
2026-03-30 15:14:24,594 [INFO] [209/1143] [DRY] 506805 标签值: HyData/原始数据
2026-03-30 15:14:24,596 [INFO] [210/1143] [DRY] 432870 标签值: HyData/原始数据
2026-03-30 15:14:24,597 [INFO] [211/1143] [DRY] 1.2.840.113619.186.80861568102.20250809170504121.122 标签值: 冷冻消融及随访/北大人民医院
2026-03-30 15:14:24,597 [INFO] [212/1143] [DRY] 1.2.840.113619.186.80861568102.20250707152549201.753 标签值: 冷冻消融及随访/北大人民医院
2026-03-30 15:14:24,598 [INFO] [213/1143] [DRY] 518425 标签值: HyData/原始数据
2026-03-30 15:14:24,598 [INFO] [214/1143] [DRY] 428236 标签值: HyData/原始数据
2026-03-30 15:14:24,600 [INFO] [215/1143] [DRY] 501427 标签值: HyData/原始数据
2026-03-30 15:14:24,600 [INFO] [216/1143] [DRY] 1.2.840.113619.186.80861568102.20251210142553665.207 标签值: 冷冻消融及随访/北大人民医院
2026-03-30 15:14:24,606 [INFO] [217/1143] [DRY] 1.2.156.14702.1.1015.124.0.20240108170658452 标签值: 冷冻消融及随访/北大人民医院
2026-03-30 15:14:24,633 [INFO] [218/1143] [DRY] 1.2.840.113619.2.416.157994325668881885263067817078551408602 标签值: 临床试验数据/佑安医院
2026-03-30 15:14:24,635 [INFO] [219/1143] [DRY] 421134 标签值: HyData/原始数据
2026-03-30 15:14:24,635 [INFO] [220/1143] [DRY] 1.2.156.14702.1.1015.124.0.20240108170303081 标签值: 冷冻消融及随访/北大人民医院
2026-03-30 15:14:24,636 [INFO] [221/1143] [DRY] 511803 标签值: HyData/原始数据
2026-03-30 15:14:24,636 [INFO] [222/1143] [DRY] 488621 标签值: HyData/原始数据
2026-03-30 15:14:24,636 [INFO] [223/1143] [DRY] 1.2.840.113619.186.80861568102.20240108125915542.433 标签值: 冷冻消融及随访/北大人民医院
2026-03-30 15:14:24,637 [INFO] [224/1143] [DRY] 1.2.840.113619.186.80861568102.20250706091502317.213 标签值: 冷冻消融及随访/北大人民医院
2026-03-30 15:14:24,637 [INFO] [225/1143] [DRY] 499220 标签值: HyData/原始数据
2026-03-30 15:14:24,646 [INFO] [226/1143] [DRY] 1.2.840.113619.2.472.3.1124731650.80.1717112147.681 标签值: 冷冻消融及随访/北大人民医院
2026-03-30 15:14:24,648 [INFO] [227/1143] [DRY] 431692 标签值: HyData/原始数据
2026-03-30 15:14:24,651 [INFO] [228/1143] [DRY] 515348 标签值: HyData/原始数据
2026-03-30 15:14:24,653 [INFO] [229/1143] [DRY] 507881 标签值: HyData/原始数据
2026-03-30 15:14:24,655 [INFO] [230/1143] [DRY] 1.2.840.113619.2.472.3.1124731650.80.1717112135.523 标签值: 冷冻消融及随访/北大人民医院
2026-03-30 15:14:24,658 [INFO] [231/1143] [DRY] 423579 标签值: HyData/原始数据
2026-03-30 15:14:24,658 [INFO] [232/1143] [DRY] 1.2.840.113619.186.80861568102.20240812105034781.211 标签值: 冷冻消融及随访/北大人民医院
2026-03-30 15:14:24,659 [INFO] [233/1143] [DRY] 502334 标签值: HyData/原始数据
2026-03-30 15:14:24,660 [INFO] [234/1143] [DRY] 514634 标签值: HyData/原始数据
2026-03-30 15:14:24,670 [INFO] [235/1143] [DRY] 1.2.840.113619.186.80861568102.20250302174101679.686 标签值: 冷冻消融及随访/北大人民医院
2026-03-30 15:14:24,671 [INFO] [236/1143] [DRY] 509149 标签值: HyData/原始数据
2026-03-30 15:14:24,671 [INFO] [237/1143] [DRY] 1.2.840.113619.2.476.34769253649533000509279751099216953416 标签值: 冷冻消融及随访/北大人民医院
2026-03-30 15:14:24,671 [INFO] [238/1143] [DRY] 421725 标签值: HyData/原始数据
2026-03-30 15:14:24,688 [INFO] [239/1143] [DRY] 423896 标签值: HyData/原始数据
2026-03-30 15:14:24,689 [INFO] [240/1143] [DRY] 518265 标签值: HyData/原始数据
2026-03-30 15:14:24,690 [INFO] [241/1143] [DRY] 1.2.840.113619.2.416.310242761350024796848188224342251404666 标签值: 冷冻消融及随访/北大人民医院
2026-03-30 15:14:24,692 [INFO] [242/1143] [DRY] 507431 标签值: HyData/原始数据
2026-03-30 15:14:24,692 [INFO] [243/1143] [DRY] 491495 标签值: HyData/原始数据
2026-03-30 15:14:24,692 [INFO] [244/1143] [DRY] 422020 标签值: HyData/原始数据
2026-03-30 15:14:24,692 [INFO] [245/1143] [SKIP] 1.2.840.113619.2.416.315520766470992389609334806750526658747 (未找到标签 77771027)
2026-03-30 15:14:24,698 [INFO] [246/1143] [DRY] 1.2.840.113619.186.80861568102.20240904183928017.373 标签值: 冷冻消融及随访/北大人民医院
2026-03-30 15:14:24,702 [INFO] [247/1143] [DRY] 518026 标签值: HyData/原始数据
2026-03-30 15:14:24,705 [INFO] [248/1143] [DRY] 1.2.840.113619.186.80861568102.20240930110728509.463 标签值: 冷冻消融及随访/北大人民医院
2026-03-30 15:14:24,705 [INFO] [249/1143] [DRY] 432387 标签值: HyData/原始数据
2026-03-30 15:14:24,706 [INFO] [250/1143] [DRY] 430053 标签值: HyData/原始数据
2026-03-30 15:14:24,709 [INFO] [251/1143] [DRY] 503465 标签值: HyData/原始数据
2026-03-30 15:14:24,711 [INFO] [252/1143] [DRY] 489077 标签值: HyData/原始数据
2026-03-30 15:14:24,713 [INFO] [253/1143] [DRY] 1.2.840.113619.186.80861568102.20241114190930062.809 标签值: 冷冻消融及随访/北大人民医院
2026-03-30 15:14:24,713 [INFO] [254/1143] [DRY] 1.2.840.113619.186.80861568102.20241023172941687.839 标签值: 冷冻消融及随访/北大人民医院
2026-03-30 15:14:24,734 [INFO] [255/1143] [DRY] 488615 标签值: HyData/原始数据
2026-03-30 15:14:24,735 [INFO] [256/1143] [DRY] 1.2.840.113619.186.80861568102.20241216164415427.114 标签值: 冷冻消融及随访/北大人民医院
2026-03-30 15:14:24,736 [INFO] [257/1143] [DRY] 509898 标签值: HyData/原始数据
2026-03-30 15:14:24,736 [INFO] [258/1143] [DRY] 491475 标签值: HyData/原始数据
2026-03-30 15:14:24,736 [INFO] [259/1143] [DRY] 421141 标签值: HyData/原始数据
2026-03-30 15:14:24,746 [INFO] [260/1143] [DRY] 1.2.840.113619.186.80861568102.20241231140355549.375 标签值: 冷冻消融及随访/北大人民医院
2026-03-30 15:14:24,746 [INFO] [261/1143] [DRY] 422014 标签值: HyData/原始数据
2026-03-30 15:14:24,746 [INFO] [262/1143] [DRY] 496814 标签值: HyData/原始数据
2026-03-30 15:14:24,750 [INFO] [263/1143] [DRY] 1.3.12.2.1107.5.1.4.65644.30000021030800094769600000043 标签值: HyData/原始数据
2026-03-30 15:14:24,754 [INFO] [264/1143] [DRY] 1.2.840.113619.2.416.227847375774101683588695395206811997170 标签值: 临床试验数据/佑安医院
2026-03-30 15:14:24,755 [INFO] [265/1143] [DRY] 1.3.12.2.1107.5.1.4.65644.30000020041400143456500000009 标签值: HyData/原始数据
2026-03-30 15:14:24,762 [INFO] [266/1143] [DRY] 505458 标签值: HyData/原始数据
2026-03-30 15:14:24,763 [INFO] [267/1143] [DRY] 503016 标签值: HyData/原始数据
2026-03-30 15:14:24,763 [INFO] [268/1143] [DRY] 427955 标签值: HyData/原始数据
2026-03-30 15:14:24,763 [INFO] [269/1143] [DRY] 516870 标签值: HyData/原始数据
2026-03-30 15:14:24,784 [INFO] [270/1143] [DRY] 1.2.840.113619.186.80861568102.20250324164142861.777 标签值: 冷冻消融及随访/北大人民医院
2026-03-30 15:14:24,785 [INFO] [271/1143] [DRY] 507163 标签值: HyData/原始数据
2026-03-30 15:14:24,785 [INFO] [272/1143] [DRY] 1.2.840.113619.186.80861568102.20250318110737607.434 标签值: 冷冻消融及随访/北大人民医院
2026-03-30 15:14:24,786 [INFO] [273/1143] [DRY] 1.2.840.113619.186.80861568102.20250202140904647.683 标签值: 冷冻消融及随访/北大人民医院
2026-03-30 15:14:24,786 [INFO] [274/1143] [DRY] 422916 标签值: HyData/原始数据
2026-03-30 15:14:24,786 [INFO] [275/1143] [DRY] 512620 标签值: HyData/原始数据
2026-03-30 15:14:24,787 [INFO] [276/1143] [DRY] 425314 标签值: HyData/原始数据
2026-03-30 15:14:24,787 [INFO] [277/1143] [DRY] 518570 标签值: HyData/原始数据
2026-03-30 15:14:24,798 [INFO] [278/1143] [DRY] 423245 标签值: HyData/原始数据
2026-03-30 15:14:24,799 [INFO] [279/1143] [DRY] 1.2.840.113619.186.80861568102.20250312193742224.389 标签值: 冷冻消融及随访/北大人民医院
2026-03-30 15:14:24,799 [INFO] [280/1143] [DRY] 502728 标签值: HyData/原始数据
2026-03-30 15:14:24,803 [INFO] [281/1143] [DRY] 1.2.840.113619.186.80861568102.20240909140322871.270 标签值: 冷冻消融及随访/北大人民医院
2026-03-30 15:14:24,803 [INFO] [282/1143] [DRY] 1.2.840.113619.2.416.208442520138257090163460641764513791001 标签值: 临床试验数据/佑安医院
2026-03-30 15:14:24,804 [INFO] [283/1143] [DRY] 518260 标签值: HyData/原始数据
2026-03-30 15:14:24,805 [INFO] [284/1143] [DRY] 1.2.840.113619.186.80861568102.20240909103929151.465 标签值: 冷冻消融及随访/北大人民医院
2026-03-30 15:14:24,809 [INFO] [285/1143] [DRY] 427066 标签值: HyData/原始数据
2026-03-30 15:14:24,812 [INFO] [286/1143] [DRY] 500220 标签值: HyData/原始数据
2026-03-30 15:14:24,824 [INFO] [287/1143] [DRY] 514381 标签值: HyData/原始数据
2026-03-30 15:14:24,824 [INFO] [288/1143] [DRY] 433535 标签值: HyData/原始数据
2026-03-30 15:14:24,824 [INFO] [289/1143] [DRY] 510979 标签值: HyData/原始数据
2026-03-30 15:14:24,824 [INFO] [290/1143] [DRY] 1.2.840.113619.186.80861568102.20240902142152312.847 标签值: 冷冻消融及随访/北大人民医院
2026-03-30 15:14:24,840 [INFO] [291/1143] [DRY] 516660 标签值: HyData/原始数据
2026-03-30 15:14:24,841 [INFO] [292/1143] [DRY] 1.2.840.113619.186.80861568102.20250924131308804.148 标签值: 冷冻消融及随访/北大人民医院
2026-03-30 15:14:24,842 [INFO] [293/1143] [DRY] 423895 标签值: HyData/原始数据
2026-03-30 15:14:24,843 [INFO] [294/1143] [DRY] 417670 标签值: HyData/原始数据
2026-03-30 15:14:24,843 [INFO] [295/1143] [DRY] 1.2.840.113619.186.80861568102.20241005081728571.996 标签值: 冷冻消融及随访/北大人民医院
2026-03-30 15:14:24,843 [INFO] [296/1143] [DRY] 491250 标签值: HyData/原始数据
2026-03-30 15:14:24,853 [INFO] [297/1143] [DRY] 501248 标签值: HyData/原始数据
2026-03-30 15:14:24,853 [INFO] [298/1143] [DRY] 510534 标签值: HyData/原始数据
2026-03-30 15:14:24,860 [INFO] [299/1143] [DRY] 1.2.840.113619.186.80861568102.20250416150316313.928 标签值: 冷冻消融及随访/北大人民医院
2026-03-30 15:14:24,860 [INFO] [300/1143] [DRY] 1.2.840.113619.2.476.38334659794436945682799985156756117235 标签值: 冷冻消融及随访/北大人民医院
2026-03-30 15:14:24,862 [INFO] [301/1143] [DRY] 492381 标签值: HyData/原始数据
2026-03-30 15:14:24,862 [INFO] [302/1143] [DRY] 1.2.840.113619.2.416.292917176158867690860289422099457534679 标签值: 临床试验数据/佑安医院
2026-03-30 15:14:24,863 [INFO] [303/1143] [DRY] 416546 标签值: HyData/原始数据
2026-03-30 15:14:24,864 [INFO] [304/1143] [DRY] 433662 标签值: HyData/原始数据
2026-03-30 15:14:24,869 [INFO] [305/1143] [DRY] 1.2.840.113619.186.80861568102.20240304131708536.775 标签值: 冷冻消融及随访/北大人民医院
2026-03-30 15:14:24,884 [INFO] [306/1143] [DRY] 1.2.840.113619.2.476.245335786588241249460069299251618098681 标签值: 冷冻消融及随访/北大人民医院
2026-03-30 15:14:24,885 [INFO] [307/1143] [DRY] 508531 标签值: HyData/原始数据
2026-03-30 15:14:24,885 [INFO] [308/1143] [DRY] 1.2.840.113619.186.80861568102.20250415131844915.658 标签值: 冷冻消融及随访/北大人民医院
2026-03-30 15:14:24,885 [INFO] [309/1143] [DRY] 420277 标签值: HyData/原始数据
2026-03-30 15:14:24,901 [INFO] [310/1143] [DRY] 500826 标签值: HyData/原始数据
2026-03-30 15:14:24,902 [INFO] [311/1143] [DRY] 422306 标签值: HyData/原始数据
2026-03-30 15:14:24,902 [INFO] [312/1143] [DRY] 493211 标签值: HyData/原始数据
2026-03-30 15:14:24,902 [INFO] [313/1143] [DRY] 1.2.840.113619.186.80861568102.20240405082103656.306 标签值: 冷冻消融及随访/北大人民医院
2026-03-30 15:14:24,903 [INFO] [314/1143] [DRY] 1.2.840.113619.186.80861568102.20240226142232052.157 标签值: 冷冻消融及随访/北大人民医院
2026-03-30 15:14:24,903 [INFO] [315/1143] [DRY] 1.2.840.113619.186.80861568102.20251220161907270.315 标签值: 冷冻消融及随访/北大人民医院
2026-03-30 15:14:24,913 [INFO] [316/1143] [DRY] 518262 标签值: HyData/原始数据
2026-03-30 15:14:24,913 [INFO] [317/1143] [DRY] 504047 标签值: HyData/原始数据
2026-03-30 15:14:24,917 [INFO] [318/1143] [DRY] 434446 标签值: HyData/原始数据
2026-03-30 15:14:24,919 [INFO] [319/1143] [DRY] 420276 标签值: HyData/原始数据
2026-03-30 15:14:24,921 [INFO] [320/1143] [DRY] 1.2.840.113619.186.80861568102.20241201163554490.910 标签值: 冷冻消融及随访/北大人民医院
2026-03-30 15:14:24,924 [INFO] [321/1143] [DRY] 490294 标签值: HyData/原始数据
2026-03-30 15:14:24,926 [INFO] [322/1143] [DRY] 510959 标签值: HyData/原始数据
2026-03-30 15:14:24,927 [INFO] [323/1143] [DRY] 1.2.840.113619.186.80861568102.20250713170403696.908 标签值: 冷冻消融及随访/北大人民医院
2026-03-30 15:14:24,927 [INFO] [324/1143] [DRY] 1.3.12.2.1107.5.1.4.65644.30000020052500284573100000036 标签值: HyData/原始数据
2026-03-30 15:14:24,928 [INFO] [325/1143] [DRY] 504030 标签值: HyData/原始数据
2026-03-30 15:14:24,935 [INFO] [326/1143] [DRY] 1.2.840.113619.186.80861568102.20241126183252348.381 标签值: 冷冻消融及随访/北大人民医院
2026-03-30 15:14:24,942 [INFO] [327/1143] [DRY] 434245 标签值: HyData/原始数据
2026-03-30 15:14:24,943 [INFO] [328/1143] [DRY] 488662 标签值: HyData/原始数据
2026-03-30 15:14:24,943 [INFO] [329/1143] [DRY] 511305 标签值: HyData/原始数据
2026-03-30 15:14:24,944 [INFO] [330/1143] [DRY] 1.2.840.113619.186.80861568102.20241030175817859.444 标签值: 冷冻消融及随访/北大人民医院
2026-03-30 15:14:24,945 [INFO] [331/1143] [DRY] 497307 标签值: HyData/原始数据
2026-03-30 15:14:24,950 [INFO] [332/1143] [DRY] 1.2.840.113619.186.80861568102.20250203101339538.650 标签值: 冷冻消融及随访/北大人民医院
2026-03-30 15:14:24,953 [INFO] [333/1143] [DRY] 431904 标签值: HyData/原始数据
2026-03-30 15:14:24,960 [INFO] [334/1143] [DRY] 488541 标签值: HyData/原始数据
2026-03-30 15:14:24,960 [INFO] [335/1143] [DRY] 430354 标签值: HyData/原始数据
2026-03-30 15:14:24,961 [INFO] [336/1143] [DRY] 1.2.840.113619.186.80861568102.20250809100521466.381 标签值: 冷冻消融及随访/北大人民医院
2026-03-30 15:14:24,969 [INFO] [337/1143] [DRY] 512753 标签值: HyData/原始数据
2026-03-30 15:14:24,980 [INFO] [338/1143] [DRY] 503263 标签值: HyData/原始数据
2026-03-30 15:14:24,982 [INFO] [339/1143] [DRY] 1.2.840.113619.186.80861568102.20241029084943434.142 标签值: 冷冻消融及随访/北大人民医院
2026-03-30 15:14:24,982 [INFO] [340/1143] [DRY] 510288 标签值: HyData/原始数据
2026-03-30 15:14:24,983 [INFO] [341/1143] [DRY] 1.2.840.113619.2.416.272920860808466927584357251488588093228 标签值: 临床试验数据/佑安医院
2026-03-30 15:14:24,983 [INFO] [342/1143] [DRY] 424584 标签值: HyData/原始数据
2026-03-30 15:14:24,983 [INFO] [343/1143] [DRY] 434654 标签值: HyData/原始数据
2026-03-30 15:14:24,991 [INFO] [344/1143] [DRY] 499402 标签值: HyData/原始数据
2026-03-30 15:14:24,992 [INFO] [345/1143] [DRY] 1.2.840.113619.186.80861568102.20250528151023899.974 标签值: 冷冻消融及随访/北大人民医院
2026-03-30 15:14:24,996 [INFO] [346/1143] [DRY] 494424 标签值: HyData/原始数据
2026-03-30 15:14:24,998 [INFO] [347/1143] [DRY] 1.2.840.113619.2.476.151253063578269862135173687889156109402 标签值: 冷冻消融及随访/北大人民医院
2026-03-30 15:14:25,001 [INFO] [348/1143] [DRY] 1.2.840.113619.186.80861568102.20250924074845450.315 标签值: 冷冻消融及随访/北大人民医院
2026-03-30 15:14:25,001 [INFO] [349/1143] [DRY] 1.2.840.113619.186.80861568102.20250526154214059.295 标签值: 冷冻消融及随访/北大人民医院
2026-03-30 15:14:25,003 [INFO] [350/1143] [DRY] 511162 标签值: HyData/原始数据
2026-03-30 15:14:25,003 [INFO] [351/1143] [DRY] 428437 标签值: HyData/原始数据
2026-03-30 15:14:25,004 [INFO] [352/1143] [DRY] 422018 标签值: HyData/原始数据
2026-03-30 15:14:25,025 [INFO] [353/1143] [DRY] 488803 标签值: HyData/原始数据
2026-03-30 15:14:25,026 [INFO] [354/1143] [DRY] 1.2.840.113619.186.80861568102.20250717083831417.509 标签值: 冷冻消融及随访/北大人民医院
2026-03-30 15:14:25,027 [INFO] [355/1143] [DRY] 1.2.840.113619.186.80861568102.20241023174819922.232 标签值: 冷冻消融及随访/北大人民医院
2026-03-30 15:14:25,027 [INFO] [356/1143] [DRY] 469887 标签值: HyData/原始数据
2026-03-30 15:14:25,027 [INFO] [357/1143] [DRY] 1.2.840.113619.186.80861568102.20241022155226048.187 标签值: 冷冻消融及随访/北大人民医院
2026-03-30 15:14:25,037 [INFO] [358/1143] [DRY] 1.2.840.113619.186.80861568102.20241123094030435.401 标签值: 冷冻消融及随访/北大人民医院
2026-03-30 15:14:25,038 [INFO] [359/1143] [DRY] 496026 标签值: HyData/原始数据
2026-03-30 15:14:25,038 [INFO] [360/1143] [DRY] 1.3.12.2.1107.5.1.4.65644.30000020040600111791200000042 标签值: HyData/原始数据
2026-03-30 15:14:25,041 [INFO] [361/1143] [DRY] 1.2.840.113619.186.80861568102.20250118105508033.894 标签值: 冷冻消融及随访/北大人民医院
2026-03-30 15:14:25,048 [INFO] [362/1143] [DRY] 501541 标签值: HyData/原始数据
2026-03-30 15:14:25,048 [INFO] [363/1143] [DRY] 1.2.840.113619.186.80861568102.20240826165450145.847 标签值: 冷冻消融及随访/北大人民医院
2026-03-30 15:14:25,050 [INFO] [364/1143] [DRY] 509535 标签值: HyData/原始数据
2026-03-30 15:14:25,051 [INFO] [365/1143] [DRY] 508046 标签值: HyData/原始数据
2026-03-30 15:14:25,051 [INFO] [366/1143] [DRY] 432338 标签值: HyData/原始数据
2026-03-30 15:14:25,054 [INFO] [367/1143] [DRY] 507170 标签值: HyData/原始数据
2026-03-30 15:14:25,067 [INFO] [368/1143] [DRY] 430055 标签值: HyData/原始数据
2026-03-30 15:14:25,069 [INFO] [369/1143] [DRY] 1.2.840.113619.186.80861568102.20241203165638491.920 标签值: 冷冻消融及随访/北大人民医院
2026-03-30 15:14:25,069 [INFO] [370/1143] [DRY] 1.2.840.113619.2.416.173447247049231069411175861283779841112 标签值: 临床试验数据/佑安医院
2026-03-30 15:14:25,087 [INFO] [371/1143] [DRY] 432577 标签值: HyData/原始数据
2026-03-30 15:14:25,088 [INFO] [372/1143] [DRY] 1.3.12.2.1107.5.1.4.65644.30000020042400384082500000038 标签值: HyData/原始数据
2026-03-30 15:14:25,091 [INFO] [373/1143] [DRY] 1.2.840.113619.2.416.151951322226090811056396323102941021974 标签值: 冷冻消融及随访/北大人民医院
2026-03-30 15:14:25,091 [INFO] [374/1143] [DRY] 1.2.840.113619.186.80861568102.20250305154041738.621 标签值: 冷冻消融及随访/北大人民医院
2026-03-30 15:14:25,092 [INFO] [375/1143] [DRY] 494959 标签值: HyData/原始数据
2026-03-30 15:14:25,092 [INFO] [376/1143] [DRY] 489461 标签值: HyData/原始数据
2026-03-30 15:14:25,092 [INFO] [377/1143] [DRY] 1.2.840.113619.186.80861568102.20250601170550320.887 标签值: 冷冻消融及随访/北大人民医院
2026-03-30 15:14:25,094 [INFO] [378/1143] [DRY] 1.2.840.113619.186.80861568102.20250421132517924.862 标签值: 冷冻消融及随访/北大人民医院
2026-03-30 15:14:25,099 [INFO] [379/1143] [DRY] 424593 标签值: HyData/原始数据
2026-03-30 15:14:25,101 [INFO] [380/1143] [DRY] 518859 标签值: HyData/原始数据
2026-03-30 15:14:25,101 [INFO] [381/1143] [DRY] 1.2.840.113619.2.416.186665839152615358499876061261999057499 标签值: 临床试验数据/佑安医院
2026-03-30 15:14:25,103 [INFO] [382/1143] [DRY] 1.2.840.113619.186.80861568102.20240513120657810.343 标签值: 冷冻消融及随访/北大人民医院
2026-03-30 15:14:25,113 [INFO] [383/1143] [DRY] 510287 标签值: HyData/原始数据
2026-03-30 15:14:25,114 [INFO] [384/1143] [DRY] 1.2.840.113619.186.80861568102.20250521082942518.937 标签值: 冷冻消融及随访/北大人民医院
2026-03-30 15:14:25,114 [INFO] [385/1143] [DRY] 510546 标签值: HyData/原始数据
2026-03-30 15:14:25,114 [INFO] [386/1143] [DRY] 1.2.840.113619.2.416.265608454349296845822798649937571220982 标签值: 冷冻消融及随访/北大人民医院
2026-03-30 15:14:25,127 [INFO] [387/1143] [DRY] 512625 标签值: HyData/原始数据
2026-03-30 15:14:25,130 [INFO] [388/1143] [DRY] 501094 标签值: HyData/原始数据
2026-03-30 15:14:25,130 [INFO] [389/1143] [DRY] 433117 标签值: HyData/原始数据
2026-03-30 15:14:25,131 [INFO] [390/1143] [DRY] 492056 标签值: HyData/原始数据
2026-03-30 15:14:25,131 [INFO] [391/1143] [DRY] 419061 标签值: HyData/原始数据
2026-03-30 15:14:25,134 [INFO] [392/1143] [DRY] 429879 标签值: HyData/原始数据
2026-03-30 15:14:25,143 [INFO] [393/1143] [DRY] 1.3.12.2.1107.5.1.4.65644.30000021031700051535900000029 标签值: HyData/原始数据
2026-03-30 15:14:25,144 [INFO] [394/1143] [DRY] 1.2.840.113619.2.416.22821581008001605202175820593001740745 标签值: 冷冻消融及随访/北大人民医院
2026-03-30 15:14:25,144 [INFO] [395/1143] [DRY] 1.2.840.113619.186.80861568102.20240504152125936.595 标签值: 冷冻消融及随访/北大人民医院
2026-03-30 15:14:25,164 [INFO] [396/1143] [DRY] 1.2.840.113619.2.416.52943416632185378565952761846452082424 标签值: 临床试验数据/佑安医院
2026-03-30 15:14:25,166 [INFO] [397/1143] [DRY] 493595 标签值: HyData/原始数据
2026-03-30 15:14:25,168 [INFO] [398/1143] [DRY] 1.3.12.2.1107.5.1.4.65644.30000020041600112778600000033 标签值: HyData/原始数据
2026-03-30 15:14:25,169 [INFO] [399/1143] [DRY] 1.2.840.113619.186.80861568102.20240506081521993.548 标签值: 冷冻消融及随访/北大人民医院
2026-03-30 15:14:25,169 [INFO] [400/1143] [DRY] 423577 标签值: HyData/原始数据
2026-03-30 15:14:25,170 [INFO] [401/1143] [DRY] 501246 标签值: HyData/原始数据
2026-03-30 15:14:25,170 [INFO] [402/1143] [DRY] 491867 标签值: HyData/原始数据
2026-03-30 15:14:25,180 [INFO] [403/1143] [DRY] 1.2.840.113619.186.80861568102.20250411180059070.561 标签值: 冷冻消融及随访/北大人民医院
2026-03-30 15:14:25,180 [INFO] [404/1143] [DRY] 434235 标签值: HyData/原始数据
2026-03-30 15:14:25,184 [INFO] [405/1143] [DRY] 1.2.840.113619.186.80861568102.20241116104803114.989 标签值: 冷冻消融及随访/北大人民医院
2026-03-30 15:14:25,186 [INFO] [406/1143] [DRY] 1.2.840.113619.186.80861568102.20250530111940378.486 标签值: 冷冻消融及随访/北大人民医院
2026-03-30 15:14:25,187 [INFO] [407/1143] [DRY] 1.2.840.113619.186.80861568102.20251231171223956.169 标签值: 冷冻消融及随访/北大人民医院
2026-03-30 15:14:25,191 [INFO] [408/1143] [DRY] 1.2.840.113619.186.80861568102.20250423134220158.735 标签值: 冷冻消融及随访/北大人民医院
2026-03-30 15:14:25,192 [INFO] [409/1143] [DRY] 1.2.840.113619.186.80861568102.20240731170415921.788 标签值: 冷冻消融及随访/北大人民医院
2026-03-30 15:14:25,192 [INFO] [410/1143] [DRY] 424638 标签值: HyData/原始数据
2026-03-30 15:14:25,197 [INFO] [411/1143] [DRY] 1.2.840.113619.186.80861568102.20241122130220587.869 标签值: 冷冻消融及随访/北大人民医院
2026-03-30 15:14:25,200 [INFO] [412/1143] [DRY] 1.2.840.113619.186.80861568102.20250607143134240.944 标签值: 冷冻消融及随访/北大人民医院
2026-03-30 15:14:25,202 [INFO] [413/1143] [DRY] 1.2.840.113619.186.80861568102.20240827183729573.514 标签值: 冷冻消融及随访/北大人民医院
2026-03-30 15:14:25,204 [INFO] [414/1143] [DRY] 1.2.840.113619.186.80861568102.20250305140756504.966 标签值: 冷冻消融及随访/北大人民医院
2026-03-30 15:14:25,205 [INFO] [415/1143] [DRY] 1.2.840.113619.186.80861568102.20250217125636317.641 标签值: 冷冻消融及随访/北大人民医院
2026-03-30 15:14:25,207 [INFO] [416/1143] [DRY] 1.2.840.113619.2.416.295006171852024416306473255593374578912 标签值: 临床试验数据/佑安医院
2026-03-30 15:14:25,208 [INFO] [417/1143] [DRY] 1.2.840.113619.186.80861568102.20250214134619435.123 标签值: 冷冻消融及随访/北大人民医院
2026-03-30 15:14:25,208 [INFO] [418/1143] [DRY] 1.2.840.113619.186.80861568102.20240708143007826.157 标签值: 冷冻消融及随访/北大人民医院
2026-03-30 15:14:25,209 [INFO] [419/1143] [DRY] 1.2.840.113619.186.80861568102.20250622183115017.161 标签值: 冷冻消融及随访/北大人民医院
2026-03-30 15:14:25,213 [INFO] [420/1143] [DRY] 1.2.840.113619.186.80861568102.20250107172209218.809 标签值: 冷冻消融及随访/北大人民医院
2026-03-30 15:14:25,215 [INFO] [421/1143] [DRY] 1.2.840.113619.186.80861568102.20241010105841644.694 标签值: 冷冻消融及随访/北大人民医院
2026-03-30 15:14:25,217 [INFO] [422/1143] [DRY] 1.2.840.113619.2.476.122427016278026314122934386194241799097 标签值: 冷冻消融及随访/北大人民医院
2026-03-30 15:14:25,224 [INFO] [423/1143] [DRY] 1.2.840.113619.2.416.57719258258018679952186427514560858803 标签值: 临床试验数据/佑安医院
2026-03-30 15:14:25,245 [INFO] [424/1143] [DRY] 1.2.840.113619.186.80861568102.20240711144013062.194 标签值: 冷冻消融及随访/北大人民医院
2026-03-30 15:14:25,246 [INFO] [425/1143] [DRY] 1.2.840.113619.186.80861568102.20240706090148681.989 标签值: 冷冻消融及随访/北大人民医院
2026-03-30 15:14:25,247 [INFO] [426/1143] [DRY] 1.2.840.113619.186.80861568102.20240607103328117.852 标签值: 冷冻消融及随访/北大人民医院
2026-03-30 15:14:25,247 [INFO] [427/1143] [DRY] 1.2.840.113619.186.80861568102.20240304120209830.612 标签值: 冷冻消融及随访/北大人民医院
2026-03-30 15:14:25,248 [INFO] [428/1143] [DRY] 1.2.840.113619.186.80861568102.20240710105422464.606 标签值: 冷冻消融及随访/北大人民医院
2026-03-30 15:14:25,248 [INFO] [429/1143] [DRY] 1.2.840.113619.186.80861568102.20251203104211159.129 标签值: 冷冻消融及随访/北大人民医院
2026-03-30 15:14:25,248 [INFO] [430/1143] [DRY] 1.2.840.113619.2.416.139676964029762630051032940839974757410 标签值: 临床试验数据/佑安医院
2026-03-30 15:14:25,248 [INFO] [431/1143] [DRY] 1.2.840.113619.186.80861568102.20240403111200909.716 标签值: 冷冻消融及随访/北大人民医院
2026-03-30 15:14:25,258 [INFO] [432/1143] [DRY] 1.2.840.113619.186.80861568102.20240920152118743.232 标签值: 冷冻消融及随访/北大人民医院
2026-03-30 15:14:25,258 [INFO] [433/1143] [DRY] 1.2.840.113619.2.416.86501702924898159504990966803491035603 标签值: 临床试验数据/佑安医院
2026-03-30 15:14:25,262 [INFO] [434/1143] [DRY] 1.2.840.113619.186.80861568102.20241217155121833.542 标签值: 冷冻消融及随访/北大人民医院
2026-03-30 15:14:25,264 [INFO] [435/1143] [DRY] 1.2.840.113619.186.80861568102.20250318172208392.351 标签值: 冷冻消融及随访/北大人民医院
2026-03-30 15:14:25,266 [INFO] [436/1143] [DRY] 1.2.840.113619.186.80861568102.20240229162040415.332 标签值: 冷冻消融及随访/北大人民医院
2026-03-30 15:14:25,266 [INFO] [437/1143] [SKIP] 1.2.840.113619.2.416.228226641845214836293393616776784073805 (未找到标签 77771027)
2026-03-30 15:14:25,269 [INFO] [438/1143] [DRY] 1.2.840.113619.186.80861568102.20250619154409082.633 标签值: 冷冻消融及随访/北大人民医院
2026-03-30 15:14:25,269 [INFO] [439/1143] [DRY] 1.2.840.113619.186.80861568102.20241230145159598.270 标签值: 冷冻消融及随访/北大人民医院
2026-03-30 15:14:25,271 [INFO] [440/1143] [DRY] 1.2.840.113619.186.80861568102.20241119130945777.503 标签值: 冷冻消融及随访/北大人民医院
2026-03-30 15:14:25,275 [INFO] [441/1143] [DRY] 1.2.840.113619.186.80861568102.20250725094435948.439 标签值: 冷冻消融及随访/北大人民医院
2026-03-30 15:14:25,277 [INFO] [442/1143] [DRY] 1.2.840.113619.186.80861568102.20251215155825115.589 标签值: 冷冻消融及随访/北大人民医院
2026-03-30 15:14:25,279 [INFO] [443/1143] [DRY] 1.2.840.113619.2.476.40125660868721710016784870875055025757 标签值: 冷冻消融及随访/北大人民医院
2026-03-30 15:14:25,281 [INFO] [444/1143] [DRY] 1.2.840.113619.186.80861568102.20250815072520724.895 标签值: 冷冻消融及随访/北大人民医院
2026-03-30 15:14:25,301 [INFO] [445/1143] [DRY] 1.2.840.113619.2.476.28467502502279318492688554728951540355 标签值: 冷冻消融及随访/北大人民医院
2026-03-30 15:14:25,302 [INFO] [446/1143] [DRY] 1.2.840.113619.2.416.77497556239262979682704218157267407998 标签值: 冷冻消融及随访/北大人民医院
2026-03-30 15:14:25,303 [INFO] [447/1143] [DRY] 1.2.840.113619.186.80861568102.20251021150555488.897 标签值: 冷冻消融及随访/北大人民医院
2026-03-30 15:14:25,303 [INFO] [448/1143] [DRY] 1.2.840.113619.2.476.96782052453588158496335542077178256266 标签值: 冷冻消融及随访/北大人民医院
2026-03-30 15:14:25,304 [INFO] [449/1143] [DRY] 1.2.840.113619.186.80861568102.20250714130904679.706 标签值: 冷冻消融及随访/北大人民医院
2026-03-30 15:14:25,315 [INFO] [450/1143] [DRY] 1.2.840.113619.186.80861568102.20250924131342525.193 标签值: 冷冻消融及随访/北大人民医院
2026-03-30 15:14:25,316 [INFO] [451/1143] [DRY] 1.2.840.113619.186.80861568102.20251217073532936.767 标签值: 冷冻消融及随访/北大人民医院
2026-03-30 15:14:25,316 [INFO] [452/1143] [DRY] 1.2.840.113619.186.80861568102.20250924092557521.568 标签值: 冷冻消融及随访/北大人民医院
2026-03-30 15:14:25,320 [INFO] [453/1143] [DRY] 1.2.840.113619.186.80861568102.20250227132441000.940 标签值: 冷冻消融及随访/北大人民医院
2026-03-30 15:14:25,322 [INFO] [454/1143] [DRY] 1.2.840.113619.186.80861568102.20240930132501417.548 标签值: 冷冻消融及随访/北大人民医院
2026-03-30 15:14:25,322 [INFO] [455/1143] [DRY] 1.2.840.113619.186.80861568102.20240424145154699.172 标签值: 冷冻消融及随访/北大人民医院
2026-03-30 15:14:25,323 [INFO] [456/1143] [DRY] 1.2.840.113619.186.80861568102.20250908091301746.342 标签值: 冷冻消融及随访/北大人民医院
2026-03-30 15:14:25,324 [INFO] [457/1143] [DRY] 1.2.840.113619.2.416.159637590370852720015170437261994394027 标签值: 冷冻消融及随访/北大人民医院
2026-03-30 15:14:25,330 [INFO] [458/1143] [DRY] 1.2.840.113619.186.80861568102.20241011091302947.439 标签值: 冷冻消融及随访/北大人民医院
2026-03-30 15:14:25,354 [INFO] [459/1143] [DRY] 1.2.840.113619.186.80861568102.20240529194429486.787 标签值: 冷冻消融及随访/北大人民医院
2026-03-30 15:14:25,355 [INFO] [460/1143] [DRY] 1.2.840.113619.186.80861568102.20240803180006106.413 标签值: 冷冻消融及随访/北大人民医院
2026-03-30 15:14:25,356 [INFO] [461/1143] [DRY] 1.2.840.113619.186.80861568102.20240412160719214.574 标签值: 冷冻消融及随访/北大人民医院
2026-03-30 15:14:25,356 [INFO] [462/1143] [DRY] 1.2.840.113619.186.80861568102.20241106163949991.668 标签值: 冷冻消融及随访/北大人民医院
2026-03-30 15:14:25,357 [INFO] [463/1143] [DRY] 1.2.840.113619.186.80861568102.20250419125606972.513 标签值: 冷冻消融及随访/北大人民医院
2026-03-30 15:14:25,357 [INFO] [464/1143] [DRY] 1.2.840.113619.186.80861568102.20241025174128946.724 标签值: 冷冻消融及随访/北大人民医院
2026-03-30 15:14:25,357 [INFO] [465/1143] [DRY] 1.2.840.113619.2.416.9765927026555392529573209051693918872 标签值: 冷冻消融及随访/北大人民医院
2026-03-30 15:14:25,357 [INFO] [466/1143] [DRY] 1.2.840.113619.186.80861568102.20250702142018231.268 标签值: 冷冻消融及随访/北大人民医院
2026-03-30 15:14:25,363 [INFO] [467/1143] [DRY] 1.2.840.113619.186.80861568102.20250630160553652.223 标签值: 冷冻消融及随访/北大人民医院
2026-03-30 15:14:25,368 [INFO] [468/1143] [DRY] 1.2.840.113619.186.80861568102.20250609131700798.401 标签值: 冷冻消融及随访/北大人民医院
2026-03-30 15:14:25,370 [INFO] [469/1143] [DRY] 1.2.840.113619.186.80861568102.20240814173016516.371 标签值: 冷冻消融及随访/北大人民医院
2026-03-30 15:14:25,372 [INFO] [470/1143] [DRY] 1.2.840.113619.2.476.62792545886670570516165503977480532523 标签值: 冷冻消融及随访/北大人民医院
2026-03-30 15:14:25,375 [INFO] [471/1143] [DRY] 1.2.840.113619.186.80861568102.20251107130252561.783 标签值: 冷冻消融及随访/北大人民医院
2026-03-30 15:14:25,375 [INFO] [472/1143] [DRY] 1.2.840.113619.186.80861568102.20240710181638706.515 标签值: 冷冻消融及随访/北大人民医院
2026-03-30 15:14:25,377 [INFO] [473/1143] [DRY] 1.2.840.113619.186.80861568102.20241204102121477.349 标签值: 冷冻消融及随访/北大人民医院
2026-03-30 15:14:25,377 [INFO] [474/1143] [DRY] 1.2.840.113619.186.80861568102.20250608084354349.196 标签值: 冷冻消融及随访/北大人民医院
2026-03-30 15:14:25,383 [INFO] [475/1143] [DRY] 1.2.840.113619.186.80861568102.20240313134830485.965 标签值: 冷冻消融及随访/北大人民医院
2026-03-30 15:14:25,413 [INFO] [476/1143] [DRY] 1.2.840.113619.186.80861568102.20250222082427055.441 标签值: 冷冻消融及随访/北大人民医院
2026-03-30 15:14:25,414 [INFO] [477/1143] [DRY] 1.2.840.113619.186.80861568102.20241114104137088.987 标签值: 冷冻消融及随访/北大人民医院
2026-03-30 15:14:25,416 [INFO] [478/1143] [DRY] 1.2.840.113619.186.80861568102.20240702091234095.950 标签值: 冷冻消融及随访/北大人民医院
2026-03-30 15:14:25,416 [INFO] [479/1143] [DRY] 1.2.840.113619.186.80861568102.20241024090658670.610 标签值: 冷冻消融及随访/北大人民医院
2026-03-30 15:14:25,416 [INFO] [480/1143] [DRY] 1.2.840.113619.186.80861568102.20250810142226793.237 标签值: 冷冻消融及随访/北大人民医院
2026-03-30 15:14:25,417 [INFO] [481/1143] [DRY] 1.2.840.113619.186.80861568102.20240218091156287.181 标签值: 冷冻消融及随访/北大人民医院
2026-03-30 15:14:25,417 [INFO] [482/1143] [DRY] 1.2.840.113619.186.80861568102.20241214083855808.356 标签值: 冷冻消融及随访/北大人民医院
2026-03-30 15:14:25,417 [INFO] [483/1143] [DRY] 1.2.840.113619.186.80861568102.20240605150049527.404 标签值: 冷冻消融及随访/北大人民医院
2026-03-30 15:14:25,423 [INFO] [484/1143] [DRY] 1.2.840.113619.186.80861568102.20240805110949695.951 标签值: 冷冻消融及随访/北大人民医院
2026-03-30 15:14:25,428 [INFO] [485/1143] [DRY] 1.2.840.113619.2.416.138625434984878013731731439385646268581 标签值: 冷冻消融及随访/北大人民医院
2026-03-30 15:14:25,430 [INFO] [486/1143] [DRY] 1.2.840.113619.186.80861568102.20240612141425956.233 标签值: 冷冻消融及随访/北大人民医院
2026-03-30 15:14:25,432 [INFO] [487/1143] [DRY] 1.2.840.113619.2.476.99867414419224626954419830059764267384 标签值: 冷冻消融及随访/北大人民医院
2026-03-30 15:14:25,435 [INFO] [488/1143] [DRY] 1.2.840.113619.186.80861568102.20250402092040534.327 标签值: 冷冻消融及随访/北大人民医院
2026-03-30 15:14:25,435 [INFO] [489/1143] [DRY] 1.2.840.113619.2.476.283073821639081914342836948783440468184 标签值: 冷冻消融及随访/北大人民医院
2026-03-30 15:14:25,437 [INFO] [490/1143] [DRY] 1.2.840.113619.186.80861568102.20250122125434455.954 标签值: 冷冻消融及随访/北大人民医院
2026-03-30 15:14:25,438 [INFO] [491/1143] [DRY] 1.2.840.113619.2.476.70811264001948958907101272387653762381 标签值: 冷冻消融及随访/北大人民医院
2026-03-30 15:14:25,439 [INFO] [492/1143] [DRY] 1.2.840.113619.2.416.110222671313542690100622230413644809938 标签值: 冷冻消融及随访/北大人民医院
2026-03-30 15:14:25,446 [INFO] [493/1143] [DRY] 1.2.840.113619.186.80861568102.20250120160722166.344 标签值: 冷冻消融及随访/北大人民医院
2026-03-30 15:14:25,446 [INFO] [494/1143] [DRY] 1.2.840.113619.2.416.107324941524108915846310252257603031274 标签值: 冷冻消融及随访/北大人民医院
2026-03-30 15:14:25,453 [INFO] [495/1143] [DRY] 1.2.840.113619.186.80861568102.20250121164612244.710 标签值: 冷冻消融及随访/北大人民医院
2026-03-30 15:14:25,471 [INFO] [496/1143] [DRY] 1.2.840.113619.186.80861568102.20240510073550377.357 标签值: 冷冻消融及随访/北大人民医院
2026-03-30 15:14:25,472 [INFO] [497/1143] [DRY] 1.2.840.113619.186.80861568102.20240722091806016.469 标签值: 冷冻消融及随访/北大人民医院
2026-03-30 15:14:25,473 [INFO] [498/1143] [DRY] 1.2.840.113619.186.80861568102.20250409140850566.221 标签值: 冷冻消融及随访/北大人民医院
2026-03-30 15:14:25,473 [INFO] [499/1143] [DRY] 1.2.840.113619.186.80861568102.20240828135321176.203 标签值: 冷冻消融及随访/北大人民医院
2026-03-30 15:14:25,473 [INFO] [500/1143] [DRY] 1.2.840.113619.186.80861568102.20250831131636334.558 标签值: 冷冻消融及随访/北大人民医院
2026-03-30 15:14:25,473 [INFO] [501/1143] [DRY] 1.2.840.113619.186.80861568102.20250508080401535.437 标签值: 冷冻消融及随访/北大人民医院
2026-03-30 15:14:25,479 [INFO] [502/1143] [DRY] 1.2.840.113619.186.80861568102.20240930133646963.445 标签值: 冷冻消融及随访/北大人民医院
2026-03-30 15:14:25,479 [INFO] [503/1143] [DRY] 1.2.840.113619.186.80861568102.20240816095908253.399 标签值: 冷冻消融及随访/北大人民医院
2026-03-30 15:14:25,483 [INFO] [504/1143] [DRY] 1.2.840.113619.186.80861568102.20250618192249117.577 标签值: 冷冻消融及随访/北大人民医院
2026-03-30 15:14:25,492 [INFO] [505/1143] [DRY] 1.2.840.113619.2.476.51017330791967696537486075513869822678 标签值: 冷冻消融及随访/北大人民医院
2026-03-30 15:14:25,494 [INFO] [506/1143] [DRY] 1.2.840.113619.186.80861568102.20250409154359857.133 标签值: 冷冻消融及随访/北大人民医院
2026-03-30 15:14:25,494 [INFO] [507/1143] [DRY] 1.2.840.113619.186.80861568102.20240902161534735.732 标签值: 冷冻消融及随访/北大人民医院
2026-03-30 15:14:25,496 [INFO] [508/1143] [DRY] 1.2.840.113619.2.472.3.1124731650.384.1722208835.901 标签值: 冷冻消融及随访/北大人民医院
2026-03-30 15:14:25,498 [INFO] [509/1143] [DRY] 1.2.840.113619.186.80861568102.20251230173013029.345 标签值: 冷冻消融及随访/北大人民医院
2026-03-30 15:14:25,498 [INFO] [510/1143] [DRY] 1.2.840.113619.186.80861568102.20241018181349708.483 标签值: 冷冻消融及随访/北大人民医院
2026-03-30 15:14:25,499 [INFO] [511/1143] [DRY] 1.2.840.113619.186.80861568102.20250512150841706.564 标签值: 冷冻消融及随访/北大人民医院
2026-03-30 15:14:25,499 [INFO] [512/1143] [DRY] 1.2.840.113619.186.80861568102.20250326195717003.655 标签值: 冷冻消融及随访/北大人民医院
2026-03-30 15:14:25,504 [INFO] [513/1143] [DRY] 1.2.840.113619.186.80861568102.20250414204203879.410 标签值: 冷冻消融及随访/北大人民医院
2026-03-30 15:14:25,536 [INFO] [514/1143] [DRY] 1.2.840.113619.186.80861568102.20241114130054503.566 标签值: 冷冻消融及随访/北大人民医院
2026-03-30 15:14:25,537 [INFO] [515/1143] [DRY] 1.2.840.113619.186.80861568102.20240722153223557.996 标签值: 冷冻消融及随访/北大人民医院
2026-03-30 15:14:25,538 [INFO] [516/1143] [DRY] 1.2.840.113619.186.80861568102.20251126150914227.837 标签值: 冷冻消融及随访/北大人民医院
2026-03-30 15:14:25,539 [INFO] [517/1143] [DRY] 1.2.840.113619.186.80861568102.20250528151006404.699 标签值: 冷冻消融及随访/北大人民医院
2026-03-30 15:14:25,539 [INFO] [518/1143] [DRY] 1.2.840.113619.186.80861568102.20250901131430875.619 标签值: 冷冻消融及随访/北大人民医院
2026-03-30 15:14:25,540 [INFO] [519/1143] [DRY] 1.2.840.113619.186.80861568102.20250526154228218.916 标签值: 冷冻消融及随访/北大人民医院
2026-03-30 15:14:25,540 [INFO] [520/1143] [DRY] 1.2.840.113619.186.80861568102.20240515144047477.328 标签值: 冷冻消融及随访/北大人民医院
2026-03-30 15:14:25,540 [INFO] [521/1143] [DRY] 1.2.840.113619.186.80861568102.20240722135052650.890 标签值: 冷冻消融及随访/北大人民医院
2026-03-30 15:14:25,549 [INFO] [522/1143] [DRY] 1.2.840.113619.186.80861568102.20251009151356179.275 标签值: 冷冻消融及随访/北大人民医院
2026-03-30 15:14:25,549 [INFO] [523/1143] [DRY] 1.2.840.113619.186.80861568102.20240617160619335.187 标签值: 冷冻消融及随访/北大人民医院
2026-03-30 15:14:25,551 [INFO] [524/1143] [DRY] 1.2.840.113619.186.80861568102.20250831094604469.801 标签值: 冷冻消融及随访/北大人民医院
2026-03-30 15:14:25,556 [INFO] [525/1143] [DRY] 1.2.840.113619.186.80861568102.20240716090048677.551 标签值: 冷冻消融及随访/北大人民医院
2026-03-30 15:14:25,557 [INFO] [526/1143] [DRY] 1.2.840.113619.186.80861568102.20240616131816041.877 标签值: 冷冻消融及随访/北大人民医院
2026-03-30 15:14:25,557 [INFO] [527/1143] [DRY] 1.2.840.113619.186.80861568102.20251022174932255.932 标签值: 冷冻消融及随访/北大人民医院
2026-03-30 15:14:25,558 [INFO] [528/1143] [DRY] 1.2.840.113619.186.80861568102.20250915161414593.791 标签值: 冷冻消融及随访/北大人民医院
2026-03-30 15:14:25,574 [INFO] [529/1143] [DRY] 1.2.840.113619.186.80861568102.20250917130405586.380 标签值: 冷冻消融及随访/北大人民医院
2026-03-30 15:14:25,574 [INFO] [530/1143] [DRY] 1.2.840.113619.186.80861568102.20241101135133508.611 标签值: 冷冻消融及随访/北大人民医院
2026-03-30 15:14:25,575 [INFO] [531/1143] [DRY] 1.2.840.113619.186.80861568102.20251028111144437.211 标签值: 冷冻消融及随访/北大人民医院
2026-03-30 15:14:25,575 [INFO] [532/1143] [DRY] 1.2.840.113619.186.80861568102.20250317142540311.814 标签值: 冷冻消融及随访/北大人民医院
2026-03-30 15:14:25,596 [INFO] [533/1143] [DRY] 1.2.840.113619.186.80861568102.20240221120156554.105 标签值: 冷冻消融及随访/北大人民医院
2026-03-30 15:14:25,598 [INFO] [534/1143] [DRY] 1.2.840.113619.186.80861568102.20250910085616264.485 标签值: 冷冻消融及随访/北大人民医院
2026-03-30 15:14:25,598 [INFO] [535/1143] [DRY] 1.2.840.113619.2.416.121650456228367498965610039957771424588 标签值: 冷冻消融及随访/北大人民医院
2026-03-30 15:14:25,598 [INFO] [536/1143] [DRY] 1.2.840.113619.186.80861568102.20250428152328981.249 标签值: 冷冻消融及随访/北大人民医院
2026-03-30 15:14:25,599 [INFO] [537/1143] [DRY] 1.2.840.113619.186.80861568102.20250528091929403.638 标签值: 冷冻消融及随访/北大人民医院
2026-03-30 15:14:25,599 [INFO] [538/1143] [DRY] 1.2.840.113619.186.80861568102.20250416101506101.161 标签值: 冷冻消融及随访/北大人民医院
2026-03-30 15:14:25,599 [INFO] [539/1143] [DRY] 1.2.840.113619.186.80861568102.20240131093732631.843 标签值: 冷冻消融及随访/北大人民医院
2026-03-30 15:14:25,603 [INFO] [540/1143] [DRY] 1.2.840.113619.186.80861568102.20240315085031372.476 标签值: 冷冻消融及随访/北大人民医院
2026-03-30 15:14:25,607 [INFO] [541/1143] [DRY] 1.2.840.113619.186.80861568102.20241101083519704.378 标签值: 冷冻消融及随访/北大人民医院
2026-03-30 15:14:25,612 [INFO] [542/1143] [DRY] 1.2.840.113619.186.80861568102.20240813092525807.663 标签值: 冷冻消融及随访/北大人民医院
2026-03-30 15:14:25,613 [INFO] [543/1143] [DRY] 1.2.840.113619.186.80861568102.20240521125528824.157 标签值: 冷冻消融及随访/北大人民医院
2026-03-30 15:14:25,616 [INFO] [544/1143] [DRY] 1.2.840.113619.186.80861568102.20241130091550159.599 标签值: 冷冻消融及随访/北大人民医院
2026-03-30 15:14:25,617 [INFO] [545/1143] [DRY] 1.2.840.113619.186.80861568102.20250119095120129.297 标签值: 冷冻消融及随访/北大人民医院
2026-03-30 15:14:25,618 [INFO] [546/1143] [DRY] 1.2.840.113619.186.80861568102.20250613160919133.634 标签值: 冷冻消融及随访/北大人民医院
2026-03-30 15:14:25,619 [INFO] [547/1143] [DRY] 1.2.840.113619.186.80861568102.20250514135015887.280 标签值: 冷冻消融及随访/北大人民医院
2026-03-30 15:14:25,623 [INFO] [548/1143] [DRY] 1.2.840.113619.186.80861568102.20240508133048557.773 标签值: 冷冻消融及随访/北大人民医院
2026-03-30 15:14:25,630 [INFO] [549/1143] [DRY] 1.2.840.113619.186.80861568102.20241112103051779.338 标签值: 冷冻消融及随访/北大人民医院
2026-03-30 15:14:25,630 [INFO] [550/1143] [DRY] 1.2.840.113619.2.416.294845429260534453035463100961411666950 标签值: 冷冻消融及随访/北大人民医院
2026-03-30 15:14:25,631 [INFO] [551/1143] [DRY] 1.2.840.113619.186.80861568102.20250217200150580.595 标签值: 冷冻消融及随访/北大人民医院
2026-03-30 15:14:25,632 [INFO] [552/1143] [DRY] 1.2.840.113619.186.80861568102.20240811162209383.113 标签值: 冷冻消融及随访/北大人民医院
2026-03-30 15:14:25,632 [INFO] [553/1143] [DRY] 1.2.840.113619.186.80861568102.20250917150510073.369 标签值: 冷冻消融及随访/北大人民医院
2026-03-30 15:14:25,637 [INFO] [554/1143] [DRY] 1.2.840.113619.186.80861568102.20250117154107528.547 标签值: 冷冻消融及随访/北大人民医院
2026-03-30 15:14:25,639 [INFO] [555/1143] [DRY] 1.2.840.113619.186.80861568102.20240228172319256.204 标签值: 冷冻消融及随访/北大人民医院
2026-03-30 15:14:25,646 [INFO] [556/1143] [DRY] 1.2.840.113619.2.476.191123548260763268040984045538365058723 标签值: 冷冻消融及随访/北大人民医院
2026-03-30 15:14:25,647 [INFO] [557/1143] [DRY] 1.2.840.113619.186.80861568102.20240403144244922.113 标签值: 冷冻消融及随访/北大人民医院
2026-03-30 15:14:25,647 [INFO] [558/1143] [DRY] 1.2.840.113619.186.80861568102.20241204153824445.454 标签值: 冷冻消融及随访/北大人民医院
2026-03-30 15:14:25,648 [INFO] [559/1143] [DRY] 1.2.840.113619.186.80861568102.20240414134321475.169 标签值: 冷冻消融及随访/北大人民医院
2026-03-30 15:14:25,653 [INFO] [560/1143] [DRY] 1.2.840.113619.186.80861568102.20241018160232653.176 标签值: 冷冻消融及随访/北大人民医院
2026-03-30 15:14:25,655 [INFO] [561/1143] [DRY] 1.2.840.113619.186.80861568102.20240904144726349.572 标签值: 冷冻消融及随访/北大人民医院
2026-03-30 15:14:25,667 [INFO] [562/1143] [DRY] 1.2.840.113619.186.80861568102.20251212162948945.908 标签值: 冷冻消融及随访/北大人民医院
2026-03-30 15:14:25,667 [INFO] [563/1143] [DRY] 1.2.840.113619.186.80861568102.20250303083041671.697 标签值: 冷冻消融及随访/北大人民医院
2026-03-30 15:14:25,668 [INFO] [564/1143] [DRY] 1.2.840.113619.186.80861568102.20240530170833603.307 标签值: 冷冻消融及随访/北大人民医院
2026-03-30 15:14:25,669 [INFO] [565/1143] [DRY] 1.2.840.113619.186.80861568102.20231228164031723.712 标签值: CHEST_CT
2026-03-30 15:14:25,669 [INFO] [566/1143] [DRY] 1.2.840.113619.2.476.79643400062972343025815155719601566208 标签值: 冷冻消融及随访/北大人民医院
2026-03-30 15:14:25,686 [INFO] [567/1143] [DRY] 1.2.840.113619.186.80861568102.20241003160858335.351 标签值: 冷冻消融及随访/北大人民医院
2026-03-30 15:14:25,686 [INFO] [568/1143] [DRY] 1.2.840.113619.186.80861568102.20240219130657369.249 标签值: 冷冻消融及随访/北大人民医院
2026-03-30 15:14:25,687 [INFO] [569/1143] [DRY] 1.2.840.113619.186.80861568102.20250711092429223.669 标签值: 冷冻消融及随访/北大人民医院
2026-03-30 15:14:25,688 [INFO] [570/1143] [DRY] 1.2.840.113619.186.80861568102.20250411185139212.834 标签值: 冷冻消融及随访/北大人民医院
2026-03-30 15:14:25,688 [INFO] [571/1143] [DRY] 1.2.840.113619.2.416.47289258103323421089353312122627399149 标签值: 冷冻消融及随访/北大人民医院
2026-03-30 15:14:25,688 [INFO] [572/1143] [DRY] 1.2.840.113619.186.80861568102.20240707184636219.849 标签值: 冷冻消融及随访/北大人民医院
2026-03-30 15:14:25,689 [INFO] [573/1143] [DRY] 1.2.840.113619.186.80861568102.20240213101918118.792 标签值: 冷冻消融及随访/北大人民医院
2026-03-30 15:14:25,696 [INFO] [574/1143] [DRY] 1.2.840.113619.186.80861568102.20240312155211399.350 标签值: 冷冻消融及随访/北大人民医院
2026-03-30 15:14:25,702 [INFO] [575/1143] [DRY] 1.2.840.113619.186.80861568102.20240430082801171.204 标签值: CHEST_CT
2026-03-30 15:14:25,702 [INFO] [576/1143] [DRY] 1.2.840.113619.186.80861568102.20240526131145562.711 标签值: 冷冻消融及随访/北大人民医院
2026-03-30 15:14:25,702 [INFO] [577/1143] [DRY] 1.2.840.113619.186.80861568102.20240404135133612.833 标签值: 冷冻消融及随访/北大人民医院
2026-03-30 15:14:25,703 [INFO] [578/1143] [DRY] 1.2.840.113619.186.80861568102.20240622131854681.894 标签值: 冷冻消融及随访/北大人民医院
2026-03-30 15:14:25,707 [INFO] [579/1143] [DRY] 1.2.840.113619.186.80861568102.20240830100547044.210 标签值: 冷冻消融及随访/北大人民医院
2026-03-30 15:14:25,710 [INFO] [580/1143] [DRY] 1.2.840.113619.186.80861568102.20250221103803820.218 标签值: 冷冻消融及随访/北大人民医院
2026-03-30 15:14:25,710 [INFO] [581/1143] [DRY] 1.2.840.113619.186.80861568102.20241218152719841.256 标签值: 冷冻消融及随访/北大人民医院
2026-03-30 15:14:25,713 [INFO] [582/1143] [DRY] 1.2.840.113619.186.80861568102.20250409161355470.372 标签值: 冷冻消融及随访/北大人民医院
2026-03-30 15:14:25,713 [INFO] [583/1143] [DRY] 1.2.840.113619.186.80861568102.20250813162038447.250 标签值: 冷冻消融及随访/北大人民医院
2026-03-30 15:14:25,715 [INFO] [584/1143] [DRY] 1.2.840.113619.186.80861568102.20251020160738723.332 标签值: 冷冻消融及随访/北大人民医院
2026-03-30 15:14:25,722 [INFO] [585/1143] [DRY] 1.2.840.113619.2.476.200765689340454795143589494819064442686 标签值: 冷冻消融及随访/北大人民医院
2026-03-30 15:14:25,725 [INFO] [586/1143] [DRY] 1.2.840.113619.2.476.133071384601834863165614668227937536616 标签值: 冷冻消融及随访/北大人民医院
2026-03-30 15:14:25,726 [INFO] [587/1143] [DRY] 1.2.840.113619.186.80861568102.20251224152130943.208 标签值: 冷冻消融及随访/北大人民医院
2026-03-30 15:14:25,726 [INFO] [588/1143] [DRY] 1.2.840.113619.186.80861568102.20250609160622884.278 标签值: 冷冻消融及随访/北大人民医院
2026-03-30 15:14:25,727 [INFO] [589/1143] [DRY] 1.2.840.113619.2.416.75335823913875159811693025601882511509 标签值: 冷冻消融及随访/北大人民医院
2026-03-30 15:14:25,739 [INFO] [590/1143] [DRY] 1.2.840.113619.186.80861568102.20240513120817999.533 标签值: 冷冻消融及随访/北大人民医院
2026-03-30 15:14:25,740 [INFO] [591/1143] [DRY] 1.2.840.113619.2.476.172685064356931122512399718426342578392 标签值: 冷冻消融及随访/北大人民医院
2026-03-30 15:14:25,741 [INFO] [592/1143] [DRY] 1.2.840.113619.186.80861568102.20250908141114492.975 标签值: 冷冻消融及随访/北大人民医院
2026-03-30 15:14:25,741 [INFO] [593/1143] [DRY] 1.2.840.113619.186.80861568102.20240827083920268.425 标签值: 冷冻消融及随访/北大人民医院
2026-03-30 15:14:25,741 [INFO] [594/1143] [DRY] 1.2.840.113619.186.80861568102.20241016180313428.486 标签值: 冷冻消融及随访/北大人民医院
2026-03-30 15:14:25,746 [INFO] [595/1143] [DRY] 1.2.840.113619.186.80861568102.20250519162310358.898 标签值: 冷冻消融及随访/北大人民医院
2026-03-30 15:14:25,756 [INFO] [596/1143] [DRY] 1.2.840.113619.186.80861568102.20241119084621492.964 标签值: 冷冻消融及随访/北大人民医院
2026-03-30 15:14:25,757 [INFO] [597/1143] [DRY] 1.2.840.113619.186.80861568102.20240625095437188.625 标签值: 冷冻消融及随访/北大人民医院
2026-03-30 15:14:25,757 [INFO] [598/1143] [DRY] 1.2.840.113619.186.80861568102.20250317094002675.176 标签值: 冷冻消融及随访/北大人民医院
2026-03-30 15:14:25,767 [INFO] [599/1143] [DRY] 1.2.840.113619.186.80861568102.20240418152435407.446 标签值: 冷冻消融及随访/北大人民医院
2026-03-30 15:14:46,774 [INFO] [600/1143] [SKIP] 1.2.840.113619.2.416.168844975812559726209795688686428113798 (未找到标签 77771027)
2026-03-30 15:14:46,776 [INFO] [601/1143] [SKIP] 1.2.840.113619.186.80861568102.20250124075009170.580 (未找到标签 77771027)
2026-03-30 15:14:46,777 [INFO] [602/1143] [SKIP] 1.2.840.113619.186.80861568102.20250113141944246.497 (未找到标签 77771027)
2026-03-30 15:14:55,760 [INFO] [603/1143] [SKIP] 1.2.840.113619.186.80861568102.20250212141211257.959 (未找到标签 77771027)
2026-03-30 15:14:55,760 [INFO] [604/1143] [SKIP] 1.2.840.113619.186.80861568102.20250331160148252.830 (未找到标签 77771027)
2026-03-30 15:14:55,775 [INFO] [605/1143] [SKIP] 1.2.840.113619.186.80861568102.20240306121734180.701 (未找到标签 77771027)
2026-03-30 15:14:55,775 [INFO] [606/1143] [SKIP] 1.2.840.113619.186.80861568102.20251119193054181.369 (未找到标签 77771027)
2026-03-30 15:14:55,791 [INFO] [607/1143] [SKIP] 1.2.840.113619.186.80861568102.20250702181351374.528 (未找到标签 77771027)
2026-03-30 15:14:56,780 [INFO] [608/1143] [DRY] 1.2.840.113619.186.80861568102.20241205130432686.212 标签值: 冷冻消融及随访/北大人民医院
2026-03-30 15:14:56,784 [INFO] [609/1143] [DRY] 1.2.840.113619.186.80861568102.20241106144202045.861 标签值: 冷冻消融及随访/北大人民医院
2026-03-30 15:14:56,785 [INFO] [610/1143] [DRY] 1.2.156.14702.1.1015.124.0.20241106144646145 标签值: 冷冻消融及随访/北大人民医院
2026-03-30 15:14:56,787 [INFO] [611/1143] [DRY] 1.2.840.113619.186.80861568102.20230228130709259.262 标签值: 冷冻消融及随访/北大人民医院
2026-03-30 15:14:56,789 [INFO] [612/1143] [DRY] 1.2.840.113619.186.80861568102.20241106094615429.637 标签值: 冷冻消融及随访/北大人民医院
2026-03-30 15:14:56,790 [INFO] [613/1143] [DRY] 1.2.840.113619.186.80861568102.20250512150904646.660 标签值: 冷冻消融及随访/北大人民医院
2026-03-30 15:14:56,792 [INFO] [614/1143] [DRY] 1.2.840.113619.186.80861568102.20241104145003626.817 标签值: 冷冻消融及随访/北大人民医院
2026-03-30 15:14:56,793 [INFO] [615/1143] [DRY] 1.2.840.113619.186.80861568102.20250512131257052.808 标签值: 冷冻消融及随访/北大人民医院
2026-03-30 15:14:56,794 [INFO] [616/1143] [DRY] 1.2.840.113619.186.80861568102.20250802082916379.926 标签值: 冷冻消融及随访/北大人民医院
2026-03-30 15:14:56,802 [INFO] [617/1143] [DRY] 1.2.840.113619.186.80861568102.20250317130121746.943 标签值: 冷冻消融及随访/北大人民医院
2026-03-30 15:14:56,802 [INFO] [618/1143] [DRY] 1.2.840.113619.186.80861568102.20251014151430496.762 标签值: 冷冻消融及随访/北大人民医院
2026-03-30 15:14:56,819 [INFO] [619/1143] [DRY] 1.2.840.113619.186.80861568102.20250630133153680.834 标签值: 冷冻消融及随访/北大人民医院
2026-03-30 15:14:56,819 [INFO] [620/1143] [DRY] 1.2.840.113619.186.80861568102.20250407134032547.583 标签值: 冷冻消融及随访/北大人民医院
2026-03-30 15:14:56,820 [INFO] [621/1143] [DRY] 1.2.840.113619.186.80861568102.20240429142928696.660 标签值: 冷冻消融及随访/北大人民医院
2026-03-30 15:14:56,821 [INFO] [622/1143] [DRY] 1.2.840.113619.186.80861568102.20241113162931382.854 标签值: 冷冻消融及随访/北大人民医院
2026-03-30 15:14:56,822 [INFO] [623/1143] [DRY] 1.2.840.113619.186.80861568102.20250509131452794.425 标签值: 冷冻消融及随访/北大人民医院
2026-03-30 15:14:56,822 [INFO] [624/1143] [DRY] 1.2.156.14702.1.1015.124.0.20230411123539970 标签值: 冷冻消融及随访/北大人民医院
2026-03-30 15:14:56,829 [INFO] [625/1143] [DRY] 1.2.840.113619.186.80861568102.20250417143025040.308 标签值: 冷冻消融及随访/北大人民医院
2026-03-30 15:14:56,831 [INFO] [626/1143] [DRY] 1.2.840.113619.186.80861568102.20241023094017905.408 标签值: 冷冻消融及随访/北大人民医院
2026-03-30 15:14:56,832 [INFO] [627/1143] [DRY] 1.2.840.113619.186.80861568102.20250724102028708.484 标签值: 冷冻消融及随访/北大人民医院
2026-03-30 15:14:56,836 [INFO] [628/1143] [DRY] 1.2.840.113619.186.80861568102.20241215085405564.354 标签值: 冷冻消融及随访/北大人民医院
2026-03-30 15:14:56,837 [INFO] [629/1143] [DRY] 1.2.840.113619.186.80861568102.20250204102832730.848 标签值: 冷冻消融及随访/北大人民医院
2026-03-30 15:14:56,842 [INFO] [630/1143] [DRY] 1.2.840.113619.186.80861568102.20240925134938206.789 标签值: 冷冻消融及随访/北大人民医院
2026-03-30 15:14:56,844 [INFO] [631/1143] [DRY] 1.2.840.113619.186.80861568102.20250818164227578.627 标签值: 冷冻消融及随访/北大人民医院
2026-03-30 15:14:56,847 [INFO] [632/1143] [DRY] 1.2.840.113619.186.80861568102.20241028100718369.933 标签值: 冷冻消融及随访/北大人民医院
2026-03-30 15:14:56,847 [INFO] [633/1143] [DRY] 1.2.840.113619.186.80861568102.20250926075854243.786 标签值: 冷冻消融及随访/北大人民医院
2026-03-30 15:14:56,849 [INFO] [634/1143] [DRY] 1.2.840.113619.2.476.228033615733107160635189850441158021401 标签值: 冷冻消融及随访/北大人民医院
2026-03-30 15:14:56,851 [INFO] [635/1143] [DRY] 1.2.840.113619.186.80861568102.20250120100759625.228 标签值: 冷冻消融及随访/北大人民医院
2026-03-30 15:14:56,852 [INFO] [636/1143] [DRY] 1.2.840.113619.186.80861568102.20251028103156442.542 标签值: 冷冻消融及随访/北大人民医院
2026-03-30 15:14:56,853 [INFO] [637/1143] [DRY] 1.2.840.113619.186.80861568102.20240823100320109.544 标签值: 冷冻消融及随访/北大人民医院
2026-03-30 15:14:56,853 [INFO] [638/1143] [DRY] 1.2.840.113619.186.80861568102.20250420202100629.554 标签值: 冷冻消融及随访/北大人民医院
2026-03-30 15:14:56,862 [INFO] [639/1143] [DRY] 1.2.840.113619.2.416.54705513588018662759021709029087390622 标签值: 冷冻消融及随访/北大人民医院
2026-03-30 15:14:56,864 [INFO] [640/1143] [DRY] 1.2.840.113619.186.80861568102.20240307110636029.455 标签值: 冷冻消融及随访/北大人民医院
2026-03-30 15:14:56,865 [INFO] [641/1143] [DRY] 1.2.840.113619.186.80861568102.20251015144018676.252 标签值: 冷冻消融及随访/北大人民医院
2026-03-30 15:14:56,882 [INFO] [642/1143] [DRY] 1.2.840.113619.186.80861568102.20251224105454000.158 标签值: 冷冻消融及随访/北大人民医院
2026-03-30 15:14:56,884 [INFO] [643/1143] [DRY] 1.2.840.113619.186.80861568102.20241010100340398.161 标签值: 冷冻消融及随访/北大人民医院
2026-03-30 15:14:56,886 [INFO] [644/1143] [DRY] 1.2.840.113619.186.80861568102.20240318133116612.391 标签值: 冷冻消融及随访/北大人民医院
2026-03-30 15:14:56,886 [INFO] [645/1143] [DRY] 1.2.840.113619.186.80861568102.20251013153537478.671 标签值: 冷冻消融及随访/北大人民医院
2026-03-30 15:14:56,887 [INFO] [646/1143] [DRY] 1.2.840.113619.186.80861568102.20250224130302134.757 标签值: 冷冻消融及随访/北大人民医院
2026-03-30 15:14:56,887 [INFO] [647/1143] [DRY] 1.2.840.113619.186.80861568102.20250331160545882.989 标签值: 冷冻消融及随访/北大人民医院
2026-03-30 15:14:56,887 [INFO] [648/1143] [DRY] 1.2.840.113619.186.80861568102.20241230192216363.755 标签值: 冷冻消融及随访/北大人民医院
2026-03-30 15:14:56,887 [INFO] [649/1143] [DRY] 1.2.840.113619.186.80861568102.20241230173624977.586 标签值: 冷冻消融及随访/北大人民医院
2026-03-30 15:14:56,893 [INFO] [650/1143] [DRY] 1.2.840.113619.186.80861568102.20250331173545373.420 标签值: 冷冻消融及随访/北大人民医院
2026-03-30 15:14:56,898 [INFO] [651/1143] [DRY] 1.2.840.113619.2.416.82283777338331888000139911616269471096 标签值: 冷冻消融及随访/北大人民医院
2026-03-30 15:14:56,900 [INFO] [652/1143] [DRY] 1.2.840.113619.186.80861568102.20241111154256602.511 标签值: 冷冻消融及随访/北大人民医院
2026-03-30 15:14:56,902 [INFO] [653/1143] [DRY] 1.2.840.113619.186.80861568102.20250523153219857.181 标签值: 冷冻消融及随访/北大人民医院
2026-03-30 15:14:56,905 [INFO] [654/1143] [DRY] 1.2.840.113619.186.80861568102.20250925154830159.288 标签值: 冷冻消融及随访/北大人民医院
2026-03-30 15:14:56,905 [INFO] [655/1143] [DRY] 1.2.840.113619.186.80861568102.20250618132518294.150 标签值: 冷冻消融及随访/北大人民医院
2026-03-30 15:14:56,910 [INFO] [656/1143] [DRY] 1.2.840.113619.186.80861568102.20250601155045145.215 标签值: 冷冻消融及随访/北大人民医院
2026-03-30 15:14:56,910 [INFO] [657/1143] [DRY] 1.2.840.113619.186.80861568102.20240311145512426.105 标签值: 冷冻消融及随访/北大人民医院
2026-03-30 15:14:56,914 [INFO] [658/1143] [DRY] 1.2.840.113619.186.80861568102.20240918141723251.586 标签值: 冷冻消融及随访/北大人民医院
2026-03-30 15:14:56,915 [INFO] [659/1143] [DRY] 1.2.840.113619.186.80861568102.20240310134613183.465 标签值: 冷冻消融及随访/北大人民医院
2026-03-30 15:14:56,918 [INFO] [660/1143] [DRY] 1.2.840.113619.186.80861568102.20250311145431657.706 标签值: 冷冻消融及随访/北大人民医院
2026-03-30 15:14:56,921 [INFO] [661/1143] [DRY] 1.2.840.113619.2.416.320101773552458652146450339528948192378 标签值: 冷冻消融及随访/北大人民医院
2026-03-30 15:14:56,921 [INFO] [662/1143] [DRY] 1.2.840.113619.186.80861568102.20240822154107976.919 标签值: 冷冻消融及随访/北大人民医院
2026-03-30 15:14:56,922 [INFO] [663/1143] [DRY] 1.2.840.113619.186.80861568102.20241015144213755.967 标签值: 冷冻消融及随访/北大人民医院
2026-03-30 15:14:56,923 [INFO] [664/1143] [DRY] 1.2.840.113619.186.80861568102.20240920000922391.244 标签值: 冷冻消融及随访/北大人民医院
2026-03-30 15:14:56,936 [INFO] [665/1143] [DRY] 1.2.840.113619.2.416.235302232373489919262762955415655146876 标签值: 冷冻消融及随访/北大人民医院
2026-03-30 15:14:56,936 [INFO] [666/1143] [DRY] 1.2.840.113619.186.80861568102.20250514153425432.135 标签值: 冷冻消融及随访/北大人民医院
2026-03-30 15:14:56,937 [INFO] [667/1143] [DRY] 1.2.840.113619.186.80861568102.20250326130312871.833 标签值: 冷冻消融及随访/北大人民医院
2026-03-30 15:14:56,939 [INFO] [668/1143] [DRY] 1.2.840.113619.186.80861568102.20250820094910781.445 标签值: 冷冻消融及随访/北大人民医院
2026-03-30 15:14:56,939 [INFO] [669/1143] [DRY] 1.2.840.113619.186.80861568102.20250319133712896.812 标签值: 冷冻消融及随访/北大人民医院
2026-03-30 15:14:56,951 [INFO] [670/1143] [DRY] 1.2.840.113619.2.476.172677243050962572873200676161116182227 标签值: 冷冻消融及随访/北大人民医院
2026-03-30 15:14:56,953 [INFO] [671/1143] [DRY] 1.2.840.113619.2.476.33043361805683093543209978659084741234 标签值: 冷冻消融及随访/北大人民医院
2026-03-30 15:14:56,954 [INFO] [672/1143] [DRY] 1.2.840.113619.2.476.332109722537050248544555668947296819558 标签值: 冷冻消融及随访/北大人民医院
2026-03-30 15:14:56,956 [INFO] [673/1143] [DRY] 1.2.840.113619.2.472.3.1124731650.512.1745469162.753 标签值: 冷冻消融及随访/北大人民医院
2026-03-30 15:14:56,956 [INFO] [674/1143] [DRY] 1.2.840.113619.186.80861568102.20240624123438545.356 标签值: 冷冻消融及随访/北大人民医院
2026-03-30 15:14:56,962 [INFO] [675/1143] [DRY] 1.2.840.113619.2.416.162564290616043508617444697305185001619 标签值: 冷冻消融及随访/北大人民医院
2026-03-30 15:14:56,962 [INFO] [676/1143] [DRY] 1.2.840.113619.186.80861568102.20250403164430659.540 标签值: 冷冻消融及随访/北大人民医院
2026-03-30 15:14:56,966 [INFO] [677/1143] [DRY] 1.2.840.113619.186.80861568102.20240106134907575.605 标签值: 冷冻消融及随访/北大人民医院
2026-03-30 15:14:56,967 [INFO] [678/1143] [DRY] 1.2.840.113619.186.80861568102.20241120164328195.799 标签值: 冷冻消融及随访/北大人民医院
2026-03-30 15:14:56,971 [INFO] [679/1143] [DRY] 1.2.840.113619.186.80861568102.20240110123025586.493 标签值: 冷冻消融及随访/北大人民医院
2026-03-30 15:14:56,972 [INFO] [680/1143] [DRY] 1.2.840.113619.186.80861568102.20240108144642929.761 标签值: 冷冻消融及随访/北大人民医院
2026-03-30 15:14:56,975 [INFO] [681/1143] [DRY] 1.2.840.113619.186.80861568102.20240306121706924.743 标签值: 冷冻消融及随访/北大人民医院
2026-03-30 15:14:56,976 [INFO] [682/1143] [DRY] 1.2.156.14702.1.1015.124.0.20240306200523437 标签值: 冷冻消融及随访/北大人民医院
2026-03-30 15:14:56,977 [INFO] [683/1143] [DRY] 1.2.840.113619.186.80861568102.20241204201753249.949 标签值: 冷冻消融及随访/北大人民医院
2026-03-30 15:14:56,979 [INFO] [684/1143] [DRY] 1.2.840.113619.2.416.186818029232824613569279666122168205502 标签值: 冷冻消融及随访/北大人民医院
2026-03-30 15:14:56,980 [INFO] [685/1143] [DRY] 1.2.840.113619.186.80861568102.20240727170000577.942 标签值: 冷冻消融及随访/北大人民医院
2026-03-30 15:14:56,984 [INFO] [686/1143] [DRY] 1.2.840.113619.186.80861568102.20240116145708153.485 标签值: 冷冻消融及随访/北大人民医院
2026-03-30 15:14:56,985 [INFO] [687/1143] [DRY] 1.2.840.113619.186.80861568102.20240307171141361.157 标签值: 冷冻消融及随访/北大人民医院
2026-03-30 15:14:56,989 [INFO] [688/1143] [DRY] 1.2.840.113619.186.80861568102.20240114140049606.486 标签值: 冷冻消融及随访/北大人民医院
2026-03-30 15:14:56,990 [INFO] [689/1143] [DRY] 1.2.840.113619.186.80861568102.20241111152924531.996 标签值: 冷冻消融及随访/北大人民医院
2026-03-30 15:14:56,994 [INFO] [690/1143] [DRY] 1.2.840.113619.186.80861568102.20241109134614400.384 标签值: 冷冻消融及随访/北大人民医院
2026-03-30 15:14:56,994 [INFO] [691/1143] [DRY] 1.2.840.113619.186.80861568102.20240117120414373.990 标签值: 冷冻消融及随访/北大人民医院
2026-03-30 15:14:56,996 [INFO] [692/1143] [DRY] 1.2.840.113619.186.80861568102.20240228172346778.941 标签值: 冷冻消融及随访/北大人民医院
2026-03-30 15:14:56,999 [INFO] [693/1143] [DRY] 1.2.840.113619.186.80861568102.20240620083118495.234 标签值: 冷冻消融及随访/北大人民医院
2026-03-30 15:14:57,001 [INFO] [694/1143] [DRY] 1.2.840.113619.186.80861568102.20240226103611892.418 标签值: 冷冻消融及随访/北大人民医院
2026-03-30 15:14:57,011 [INFO] [695/1143] [DRY] 1.2.840.113619.186.80861568102.20250717133339753.227 标签值: 冷冻消融及随访/北大人民医院
2026-03-30 15:14:57,013 [INFO] [696/1143] [DRY] 1.2.840.113619.186.80861568102.20240726144116877.854 标签值: 冷冻消融及随访/北大人民医院
2026-03-30 15:14:57,013 [INFO] [697/1143] [DRY] 1.2.840.113619.186.80861568102.20241231093712761.499 标签值: 冷冻消融及随访/北大人民医院
2026-03-30 15:14:57,013 [INFO] [698/1143] [DRY] 1.2.840.113619.186.80861568102.20240425130226432.666 标签值: 冷冻消融及随访/北大人民医院
2026-03-30 15:14:57,028 [INFO] [699/1143] [DRY] 1.2.840.113619.186.80861568102.20250730094733214.253 标签值: 冷冻消融及随访/北大人民医院
2026-03-30 15:14:57,029 [INFO] [700/1143] [DRY] 1.2.840.113619.186.80861568102.20240524101758090.555 标签值: 冷冻消融及随访/北大人民医院
2026-03-30 15:14:57,030 [INFO] [701/1143] [DRY] 1.2.840.113619.186.80861568102.20250913111649417.107 标签值: 冷冻消融及随访/北大人民医院
2026-03-30 15:14:57,031 [INFO] [702/1143] [DRY] 1.2.840.113619.186.80861568102.20250806135807098.819 标签值: 冷冻消融及随访/北大人民医院
2026-03-30 15:14:57,031 [INFO] [703/1143] [DRY] 1.2.840.113619.186.80861568102.20240628150932258.142 标签值: 冷冻消融及随访/北大人民医院
2026-03-30 15:14:57,031 [INFO] [704/1143] [DRY] 1.2.840.113619.186.80861568102.20240327170848666.746 标签值: 冷冻消融及随访/北大人民医院
2026-03-30 15:14:57,042 [INFO] [705/1143] [DRY] 1.2.840.113619.2.476.53471304577203023080982674684711345376 标签值: 冷冻消融及随访/北大人民医院
2026-03-30 15:14:57,043 [INFO] [706/1143] [DRY] 1.2.840.113619.2.472.3.1124731650.785.1718875311.410 标签值: 冷冻消融及随访/北大人民医院
2026-03-30 15:14:57,046 [INFO] [707/1143] [DRY] 1.2.840.113619.186.80861568102.20250103105429706.279 标签值: 冷冻消融及随访/北大人民医院
2026-03-30 15:14:57,047 [INFO] [708/1143] [DRY] 1.2.840.113619.186.80861568102.20240328142743348.688 标签值: 冷冻消融及随访/北大人民医院
2026-03-30 15:14:57,048 [INFO] [709/1143] [DRY] 1.2.840.113619.186.80861568102.20250627095642520.122 标签值: 冷冻消融及随访/北大人民医院
2026-03-30 15:14:57,049 [INFO] [710/1143] [DRY] 1.2.840.113619.186.80861568102.20240331142527767.385 标签值: 冷冻消融及随访/北大人民医院
2026-03-30 15:14:57,053 [INFO] [711/1143] [DRY] 1.2.840.113619.186.80861568102.20240506120739823.401 标签值: 冷冻消融及随访/北大人民医院
2026-03-30 15:14:57,054 [INFO] [712/1143] [DRY] 1.2.840.113619.186.80861568102.20250402163820885.235 标签值: 冷冻消融及随访/北大人民医院
2026-03-30 15:14:57,055 [INFO] [713/1143] [DRY] 1.2.840.113619.186.80861568102.20240321103435772.932 标签值: 冷冻消融及随访/北大人民医院
2026-03-30 15:14:57,059 [INFO] [714/1143] [DRY] 1.2.840.113619.186.80861568102.20250512162733532.625 标签值: 冷冻消融及随访/北大人民医院
2026-03-30 15:14:57,061 [INFO] [715/1143] [DRY] 1.2.840.113619.186.80861568102.20251111185852103.271 标签值: 冷冻消融及随访/北大人民医院
2026-03-30 15:14:57,086 [INFO] [716/1143] [DRY] 1.2.840.113619.186.80861568102.20240509154659822.586 标签值: 冷冻消融及随访/北大人民医院
2026-03-30 15:14:57,087 [INFO] [717/1143] [DRY] 1.2.840.113619.186.80861568102.20240325145944081.255 标签值: 冷冻消融及随访/北大人民医院
2026-03-30 15:14:57,087 [INFO] [718/1143] [DRY] 1.2.840.113619.186.80861568102.20241009160923548.729 标签值: 冷冻消融及随访/北大人民医院
2026-03-30 15:14:57,087 [INFO] [719/1143] [DRY] 1.2.840.113619.186.80861568102.20250329101702706.840 标签值: 冷冻消融及随访/北大人民医院
2026-03-30 15:14:57,087 [INFO] [720/1143] [DRY] 1.2.840.113619.186.80861568102.20240403162838636.659 标签值: 冷冻消融及随访/北大人民医院
2026-03-30 15:14:57,088 [INFO] [721/1143] [DRY] 1.2.840.113619.186.80861568102.20241115184041242.945 标签值: 冷冻消融及随访/北大人民医院
2026-03-30 15:14:57,089 [INFO] [722/1143] [DRY] 1.2.840.113619.186.80861568102.20241012082538354.280 标签值: 冷冻消融及随访/北大人民医院
2026-03-30 15:14:57,098 [INFO] [723/1143] [DRY] 1.2.840.113619.2.416.52149833349931020934119618728044575351 标签值: 冷冻消融及随访/北大人民医院
2026-03-30 15:14:57,099 [INFO] [724/1143] [DRY] 1.2.840.113619.2.416.77144273546816837076805503420875704613 标签值: 冷冻消融及随访/北大人民医院
2026-03-30 15:14:57,102 [INFO] [725/1143] [DRY] 1.2.840.113619.186.80861568102.20251004081206524.151 标签值: 冷冻消融及随访/北大人民医院
2026-03-30 15:14:57,105 [INFO] [726/1143] [DRY] 1.2.840.113619.186.80861568102.20240402161654355.314 标签值: 冷冻消融及随访/北大人民医院
2026-03-30 15:14:57,106 [INFO] [727/1143] [DRY] 1.2.840.113619.186.80861568102.20241120141402233.329 标签值: 冷冻消融及随访/北大人民医院
2026-03-30 15:14:57,109 [INFO] [728/1143] [DRY] 1.2.840.113619.186.80861568102.20241202130025409.268 标签值: 冷冻消融及随访/北大人民医院
2026-03-30 15:14:57,110 [INFO] [729/1143] [DRY] 1.2.840.113619.186.80861568102.20250116150111061.116 标签值: 冷冻消融及随访/北大人民医院
2026-03-30 15:14:57,111 [INFO] [730/1143] [DRY] 1.2.840.113619.186.80861568102.20250124150130382.286 标签值: 冷冻消融及随访/北大人民医院
2026-03-30 15:14:57,112 [INFO] [731/1143] [DRY] 1.2.840.113619.186.80861568102.20250220103702899.962 标签值: 冷冻消融及随访/北大人民医院
2026-03-30 15:14:57,114 [INFO] [732/1143] [DRY] 1.2.840.113619.186.80861568102.20250525132017422.108 标签值: 冷冻消融及随访/北大人民医院
2026-03-30 15:14:57,116 [INFO] [733/1143] [DRY] 1.2.840.113619.186.80861568102.20250716103314089.299 标签值: 冷冻消融及随访/北大人民医院
2026-03-30 15:14:57,120 [INFO] [734/1143] [DRY] 1.2.840.113619.186.80861568102.20250927091120639.531 标签值: 冷冻消融及随访/北大人民医院
2026-03-30 15:14:57,137 [INFO] [735/1143] [DRY] 1.2.840.113619.186.80861568102.20250905150642926.315 标签值: 冷冻消融及随访/北大人民医院
2026-03-30 15:14:57,138 [INFO] [736/1143] [DRY] 1.2.840.113619.186.80861568102.20250420131158950.772 标签值: 冷冻消融及随访/北大人民医院
2026-03-30 15:14:57,139 [INFO] [737/1143] [DRY] 1.2.840.113619.186.80861568102.20250324105529963.882 标签值: 冷冻消融及随访/北大人民医院
2026-03-30 15:14:57,139 [INFO] [738/1143] [DRY] 1.2.840.113619.186.80861568102.20250811083709936.325 标签值: 冷冻消融及随访/北大人民医院
2026-03-30 15:14:57,139 [INFO] [739/1143] [DRY] 1.2.840.113619.186.80861568102.20250623165223302.791 标签值: 冷冻消融及随访/北大人民医院
2026-03-30 15:14:57,148 [INFO] [740/1143] [DRY] 1.2.840.113619.186.80861568102.20251121152207898.656 标签值: 冷冻消融及随访/北大人民医院
2026-03-30 15:14:57,149 [INFO] [741/1143] [DRY] 1.2.840.113619.186.80861568102.20251023161336738.760 标签值: 冷冻消融及随访/北大人民医院
2026-03-30 15:14:57,151 [INFO] [742/1143] [DRY] 1.2.840.113619.186.80861568102.20251224152811439.525 标签值: 冷冻消融及随访/北大人民医院
2026-03-30 15:14:57,153 [INFO] [743/1143] [DRY] 1.2.840.113619.186.80861568102.20240414134111882.262 标签值: 冷冻消融及随访/北大人民医院
2026-03-30 15:14:57,154 [INFO] [744/1143] [DRY] 1.2.840.113619.186.80861568102.20240415142336449.287 标签值: 冷冻消融及随访/北大人民医院
2026-03-30 15:14:57,160 [INFO] [745/1143] [DRY] 1.2.840.113619.186.80861568102.20240414134141181.496 标签值: 冷冻消融及随访/北大人民医院
2026-03-30 15:14:57,164 [INFO] [746/1143] [DRY] 1.2.156.14702.1.1015.124.0.20240422165017012 标签值: 冷冻消融及随访/北大人民医院
2026-03-30 15:14:57,166 [INFO] [747/1143] [DRY] 1.2.840.113619.186.80861568102.20240422133950497.753 标签值: 冷冻消融及随访/北大人民医院
2026-03-30 15:14:57,167 [INFO] [748/1143] [DRY] 1.2.840.113619.186.80861568102.20240415142244765.248 标签值: 冷冻消融及随访/北大人民医院
2026-03-30 15:14:57,168 [INFO] [749/1143] [DRY] 1.2.840.113619.186.80861568102.20240416155755182.296 标签值: 冷冻消融及随访/北大人民医院
2026-03-30 15:14:57,168 [INFO] [750/1143] [DRY] 1.2.840.113619.186.80861568102.20240725130954646.736 标签值: 冷冻消融及随访/北大人民医院
2026-03-30 15:14:57,169 [INFO] [751/1143] [DRY] 1.2.840.113619.186.80861568102.20240417151710342.310 标签值: 冷冻消融及随访/北大人民医院
2026-03-30 15:14:57,176 [INFO] [752/1143] [DRY] 1.2.840.113619.186.80861568102.20250410141943327.869 标签值: 冷冻消融及随访/北大人民医院
2026-03-30 15:14:57,177 [INFO] [753/1143] [DRY] 1.2.840.113619.186.80861568102.20241015111244207.392 标签值: 冷冻消融及随访/北大人民医院
2026-03-30 15:14:57,186 [INFO] [754/1143] [DRY] 1.2.840.113619.186.80861568102.20250205195541702.216 标签值: 冷冻消融及随访/北大人民医院
2026-03-30 15:14:57,194 [INFO] [755/1143] [DRY] 1.2.840.113619.186.80861568102.20251120153319386.747 标签值: 冷冻消融及随访/北大人民医院
2026-03-30 15:14:57,197 [INFO] [756/1143] [DRY] 1.2.840.113619.186.80861568102.20250526123223940.866 标签值: 冷冻消融及随访/北大人民医院
2026-03-30 15:14:57,198 [INFO] [757/1143] [DRY] 1.2.840.113619.186.80861568102.20240701181216261.662 标签值: 冷冻消融及随访/北大人民医院
2026-03-30 15:14:57,198 [INFO] [758/1143] [DRY] 1.2.840.113619.186.80861568102.20240417102430617.739 标签值: 冷冻消融及随访/北大人民医院
2026-03-30 15:14:57,198 [INFO] [759/1143] [DRY] 1.2.840.113619.2.416.73263574426888851406138854340955572121 标签值: 冷冻消融及随访/北大人民医院
2026-03-30 15:14:57,199 [INFO] [760/1143] [DRY] 1.2.840.113619.186.80861568102.20240625082602961.672 标签值: 冷冻消融及随访/北大人民医院
2026-03-30 15:14:57,200 [INFO] [761/1143] [DRY] 1.2.840.113619.186.80861568102.20250613163133143.852 标签值: 冷冻消融及随访/北大人民医院
2026-03-30 15:14:57,207 [INFO] [762/1143] [DRY] 1.2.840.113619.186.80861568102.20250728165104478.861 标签值: 冷冻消融及随访/北大人民医院
2026-03-30 15:14:57,212 [INFO] [763/1143] [DRY] 1.2.840.113619.186.80861568102.20250913100338563.257 标签值: 冷冻消融及随访/北大人民医院
2026-03-30 15:14:57,213 [INFO] [764/1143] [DRY] 1.2.840.113619.186.80861568102.20250422191403190.438 标签值: 冷冻消融及随访/北大人民医院
2026-03-30 15:14:57,213 [INFO] [765/1143] [DRY] 1.2.840.113619.186.80861568102.20240814155119579.629 标签值: 冷冻消融及随访/北大人民医院
2026-03-30 15:14:57,214 [INFO] [766/1143] [DRY] 1.2.840.113619.186.80861568102.20240624123456060.269 标签值: 冷冻消融及随访/北大人民医院
2026-03-30 15:14:57,215 [INFO] [767/1143] [DRY] 1.2.840.113619.2.416.319069597061213476838253662424905538466 标签值: 冷冻消融及随访/北大人民医院
2026-03-30 15:14:57,218 [INFO] [768/1143] [DRY] 1.2.840.113619.186.80861568102.20250929144340686.231 标签值: 冷冻消融及随访/北大人民医院
2026-03-30 15:14:57,224 [INFO] [769/1143] [DRY] 1.2.840.113619.186.80861568102.20250904105158030.392 标签值: 冷冻消融及随访/北大人民医院
2026-03-30 15:14:57,225 [INFO] [770/1143] [DRY] 1.2.840.113619.186.80861568102.20240515144942251.223 标签值: 冷冻消融及随访/北大人民医院
2026-03-30 15:14:57,227 [INFO] [771/1143] [DRY] 1.2.840.113619.186.80861568102.20240708124259608.634 标签值: 冷冻消融及随访/北大人民医院
2026-03-30 15:14:57,227 [INFO] [772/1143] [DRY] 1.2.840.113619.186.80861568102.20240514160629725.412 标签值: 冷冻消融及随访/北大人民医院
2026-03-30 15:14:57,231 [INFO] [773/1143] [DRY] 1.2.840.113619.186.80861568102.20240603141009461.841 标签值: 冷冻消融及随访/北大人民医院
2026-03-30 15:14:57,237 [INFO] [774/1143] [DRY] 1.2.840.113619.2.416.169250823096840065524799247159526143448 标签值: 冷冻消融及随访/北大人民医院
2026-03-30 15:14:57,240 [INFO] [775/1143] [DRY] 1.2.840.113619.186.80861568102.20240527130843618.337 标签值: 冷冻消融及随访/北大人民医院
2026-03-30 15:14:57,240 [INFO] [776/1143] [DRY] 1.2.840.113619.2.416.160440100982106276568958445201154250952 标签值: 冷冻消融及随访/北大人民医院
2026-03-30 15:14:57,240 [INFO] [777/1143] [DRY] 1.2.840.113619.186.80861568102.20250327155328438.133 标签值: 冷冻消融及随访/北大人民医院
2026-03-30 15:14:57,242 [INFO] [778/1143] [DRY] 1.2.840.113619.2.416.135696507035217292654727884089724135523 标签值: 冷冻消融及随访/北大人民医院
2026-03-30 15:14:57,246 [INFO] [779/1143] [DRY] 1.2.840.113619.2.416.39609000882268506669484308082480034906 标签值: 冷冻消融及随访/北大人民医院
2026-03-30 15:14:57,252 [INFO] [780/1143] [DRY] 1.2.840.113619.186.80861568102.20240520102158832.296 标签值: 冷冻消融及随访/北大人民医院
2026-03-30 15:14:57,254 [INFO] [781/1143] [DRY] 1.2.840.113619.186.80861568102.20240904100941552.482 标签值: 冷冻消融及随访/北大人民医院
2026-03-30 15:14:57,255 [INFO] [782/1143] [DRY] 1.2.840.113619.186.80861568102.20240520151411344.323 标签值: 冷冻消融及随访/北大人民医院
2026-03-30 15:14:57,256 [INFO] [783/1143] [DRY] 1.2.840.113619.186.80861568102.20240519130624721.666 标签值: 冷冻消融及随访/北大人民医院
2026-03-30 15:14:57,258 [INFO] [784/1143] [DRY] 1.2.840.113619.186.80861568102.20240521153906885.610 标签值: 冷冻消融及随访/北大人民医院
2026-03-30 15:14:57,267 [INFO] [785/1143] [DRY] 1.2.840.113619.186.80861568102.20240522162207934.856 标签值: 冷冻消融及随访/北大人民医院
2026-03-30 15:14:57,268 [INFO] [786/1143] [DRY] 1.2.840.113619.2.472.3.1124731650.330.1718441537.69 标签值: 冷冻消融及随访/北大人民医院
2026-03-30 15:14:57,272 [INFO] [787/1143] [DRY] 1.2.840.113619.186.80861568102.20240717100356543.859 标签值: 冷冻消融及随访/北大人民医院
2026-03-30 15:14:57,273 [INFO] [788/1143] [DRY] 1.2.840.113619.2.472.3.1124731650.747.1747007066.590 标签值: 冷冻消融及随访/北大人民医院
2026-03-30 15:14:57,273 [INFO] [789/1143] [DRY] 1.2.840.113619.186.80861568102.20240522142337126.450 标签值: 冷冻消融及随访/北大人民医院
2026-03-30 15:14:57,276 [INFO] [790/1143] [DRY] 1.2.840.113619.186.80861568102.20250416164741215.851 标签值: 冷冻消融及随访/北大人民医院
2026-03-30 15:14:57,276 [INFO] [791/1143] [DRY] 1.2.840.113619.186.80861568102.20250415131902571.947 标签值: 冷冻消融及随访/北大人民医院
2026-03-30 15:14:57,280 [INFO] [792/1143] [DRY] 1.2.840.113619.186.80861568102.20240708165733604.353 标签值: 冷冻消融及随访/北大人民医院
2026-03-30 15:14:57,281 [INFO] [793/1143] [DRY] 1.2.840.113619.186.80861568102.20240605170425072.619 标签值: 冷冻消融及随访/北大人民医院
2026-03-30 15:14:57,285 [INFO] [794/1143] [DRY] 1.2.840.113619.186.80861568102.20240925184049521.922 标签值: 冷冻消融及随访/北大人民医院
2026-03-30 15:14:57,286 [INFO] [795/1143] [DRY] 1.2.840.113619.186.80861568102.20240605150446310.423 标签值: 冷冻消融及随访/北大人民医院
2026-03-30 15:14:57,290 [INFO] [796/1143] [DRY] 1.2.840.113619.186.80861568102.20250720102132732.985 标签值: 冷冻消融及随访/北大人民医院
2026-03-30 15:14:57,291 [INFO] [797/1143] [DRY] 1.2.840.113619.2.416.54193311216285969533481003030649752479 标签值: 冷冻消融及随访/北大人民医院
2026-03-30 15:14:57,294 [INFO] [798/1143] [DRY] 1.2.840.113619.2.416.76523262022806963012099523922544016335 标签值: 冷冻消融及随访/北大人民医院
2026-03-30 15:14:57,295 [INFO] [799/1143] [DRY] 1.2.840.113619.186.80861568102.20240612141448632.370 标签值: 冷冻消融及随访/北大人民医院
2026-03-30 15:14:57,297 [INFO] [800/1143] [DRY] 1.2.840.113619.186.80861568102.20240724171546097.718 标签值: 冷冻消融及随访/北大人民医院
2026-03-30 15:14:57,301 [INFO] [801/1143] [DRY] 1.2.840.113619.186.80861568102.20240610130517994.812 标签值: 冷冻消融及随访/北大人民医院
2026-03-30 15:14:57,302 [INFO] [802/1143] [DRY] 1.2.840.113619.186.80861568102.20240821180251866.291 标签值: 冷冻消融及随访/北大人民医院
2026-03-30 15:14:57,303 [INFO] [803/1143] [DRY] 1.2.840.113619.186.80861568102.20241104190002406.517 标签值: 冷冻消融及随访/北大人民医院
2026-03-30 15:14:57,303 [INFO] [804/1143] [DRY] 1.2.840.113619.186.80861568102.20240827180214835.964 标签值: 冷冻消融及随访/北大人民医院
2026-03-30 15:14:57,309 [INFO] [805/1143] [DRY] 1.2.840.113619.186.80861568102.20250517113229945.393 标签值: 冷冻消融及随访/北大人民医院
2026-03-30 15:14:57,316 [INFO] [806/1143] [DRY] 1.2.840.113619.186.80861568102.20240717080507802.965 标签值: 冷冻消融及随访/北大人民医院
2026-03-30 15:14:57,317 [INFO] [807/1143] [DRY] 1.2.840.113619.186.80861568102.20240703151228809.293 标签值: 冷冻消融及随访/北大人民医院
2026-03-30 15:14:57,318 [INFO] [808/1143] [DRY] 1.2.840.113619.186.80861568102.20240619130431159.833 标签值: 冷冻消融及随访/北大人民医院
2026-03-30 15:14:57,319 [INFO] [809/1143] [DRY] 1.2.840.113619.186.80861568102.20240702155616083.200 标签值: 冷冻消融及随访/北大人民医院
2026-03-30 15:14:57,324 [INFO] [810/1143] [DRY] 1.2.840.113619.186.80861568102.20240828135344705.315 标签值: 冷冻消融及随访/北大人民医院
2026-03-30 15:14:57,325 [INFO] [811/1143] [DRY] 1.2.840.113619.186.80861568102.20241024083137830.603 标签值: 冷冻消融及随访/北大人民医院
2026-03-30 15:14:57,331 [INFO] [812/1143] [DRY] 1.2.840.113619.186.80861568102.20240926153454243.964 标签值: 冷冻消融及随访/北大人民医院
2026-03-30 15:14:57,331 [INFO] [813/1143] [DRY] 1.2.840.113619.186.80861568102.20240918144048744.719 标签值: 冷冻消融及随访/北大人民医院
2026-03-30 15:14:57,336 [INFO] [814/1143] [DRY] 1.2.840.113619.186.80861568102.20240618100759344.628 标签值: 冷冻消融及随访/北大人民医院
2026-03-30 15:14:57,336 [INFO] [815/1143] [DRY] 1.2.840.113619.186.80861568102.20240626165350280.847 标签值: 冷冻消融及随访/北大人民医院
2026-03-30 15:14:57,336 [INFO] [816/1143] [DRY] 1.2.840.113619.186.80861568102.20240625161018751.674 标签值: 冷冻消融及随访/北大人民医院
2026-03-30 15:14:57,338 [INFO] [817/1143] [DRY] 1.2.840.113619.186.80861568102.20240701155852219.655 标签值: 冷冻消融及随访/北大人民医院
2026-03-30 15:14:57,338 [INFO] [818/1143] [DRY] 1.2.840.113619.186.80861568102.20240801091328863.911 标签值: 冷冻消融及随访/北大人民医院
2026-03-30 15:14:57,343 [INFO] [819/1143] [DRY] 1.2.840.113619.186.80861568102.20240808145122310.970 标签值: 冷冻消融及随访/北大人民医院
2026-03-30 15:14:57,348 [INFO] [820/1143] [DRY] 1.2.840.113619.186.80861568102.20240911180831468.627 标签值: 冷冻消融及随访/北大人民医院
2026-03-30 15:14:57,348 [INFO] [821/1143] [DRY] 1.2.840.113619.186.80861568102.20240701144713223.132 标签值: 冷冻消融及随访/北大人民医院
2026-03-30 15:14:57,349 [INFO] [822/1143] [DRY] 1.2.840.113619.2.416.98930974315347824003696619559655071644 标签值: 冷冻消融及随访/北大人民医院
2026-03-30 15:14:57,351 [INFO] [823/1143] [DRY] 1.2.840.113619.186.80861568102.20250423134608844.604 标签值: 冷冻消融及随访/北大人民医院
2026-03-30 15:14:57,351 [INFO] [824/1143] [DRY] 1.2.840.113619.186.80861568102.20240911110718486.950 标签值: 冷冻消融及随访/北大人民医院
2026-03-30 15:14:57,362 [INFO] [825/1143] [DRY] 1.2.840.113619.186.80861568102.20240826135237416.681 标签值: 冷冻消融及随访/北大人民医院
2026-03-30 15:14:57,363 [INFO] [826/1143] [DRY] 1.2.840.113619.186.80861568102.20240703162455723.833 标签值: 冷冻消融及随访/北大人民医院
2026-03-30 15:14:57,363 [INFO] [827/1143] [DRY] 1.2.840.113619.186.80861568102.20240712162521262.176 标签值: 冷冻消融及随访/北大人民医院
2026-03-30 15:14:57,374 [INFO] [828/1143] [DRY] 1.2.840.113619.2.416.115098622270830708033572601896760038278 标签值: 冷冻消融及随访/北大人民医院
2026-03-30 15:14:57,383 [INFO] [829/1143] [DRY] 1.2.840.113619.186.80861568102.20250427132219690.253 标签值: 冷冻消融及随访/北大人民医院
2026-03-30 15:14:57,384 [INFO] [830/1143] [DRY] 1.2.840.113619.186.80861568102.20240722102403200.411 标签值: 冷冻消融及随访/北大人民医院
2026-03-30 15:14:57,385 [INFO] [831/1143] [DRY] 1.2.840.113619.2.476.21028880552521582147647853929394925648 标签值: 冷冻消融及随访/北大人民医院
2026-03-30 15:14:57,385 [INFO] [832/1143] [DRY] 1.2.840.113619.186.80861568102.20240805165307343.697 标签值: 冷冻消融及随访/北大人民医院
2026-03-30 15:14:57,385 [INFO] [833/1143] [DRY] 1.2.840.113619.186.80861568102.20240907174922995.668 标签值: 冷冻消融及随访/北大人民医院
2026-03-30 15:14:57,385 [INFO] [834/1143] [DRY] 1.2.840.113619.186.80861568102.20251222154529426.186 标签值: 冷冻消融及随访/北大人民医院
2026-03-30 15:14:57,393 [INFO] [835/1143] [DRY] 1.2.840.113619.186.80861568102.20250804144513359.502 标签值: 冷冻消融及随访/北大人民医院
2026-03-30 15:14:57,397 [INFO] [836/1143] [DRY] 1.2.840.113619.186.80861568102.20240903153911771.896 标签值: 冷冻消融及随访/北大人民医院
2026-03-30 15:14:57,399 [INFO] [837/1143] [DRY] 1.2.840.113619.186.80861568102.20240731144351607.330 标签值: 冷冻消融及随访/北大人民医院
2026-03-30 15:14:57,401 [INFO] [838/1143] [DRY] 1.2.840.113619.2.476.101117822167540517610692787445142320295 标签值: 冷冻消融及随访/北大人民医院
2026-03-30 15:14:57,404 [INFO] [839/1143] [DRY] 1.2.840.113619.186.80861568102.20240723144001870.654 标签值: 冷冻消融及随访/北大人民医院
2026-03-30 15:14:57,409 [INFO] [840/1143] [DRY] 1.2.840.113619.186.80861568102.20240730144744996.418 标签值: 冷冻消融及随访/北大人民医院
2026-03-30 15:14:57,409 [INFO] [841/1143] [DRY] 1.2.840.113619.186.80861568102.20240807173022952.650 标签值: 冷冻消融及随访/北大人民医院
2026-03-30 15:14:57,409 [INFO] [842/1143] [DRY] 1.2.840.113619.186.80861568102.20240724145704307.666 标签值: 冷冻消融及随访/北大人民医院
2026-03-30 15:14:57,410 [INFO] [843/1143] [DRY] 1.2.840.113619.186.80861568102.20240904145130860.135 标签值: 冷冻消融及随访/北大人民医院
2026-03-30 15:14:57,416 [INFO] [844/1143] [DRY] 1.2.840.113619.186.80861568102.20240806162148692.322 标签值: 冷冻消融及随访/北大人民医院
2026-03-30 15:14:57,416 [INFO] [845/1143] [DRY] 1.2.840.113619.186.80861568102.20240903154508902.183 标签值: 冷冻消融及随访/北大人民医院
2026-03-30 15:14:57,421 [INFO] [846/1143] [DRY] 1.2.840.113619.2.472.3.1124731650.487.1743482203.208 标签值: 冷冻消融及随访/北大人民医院
2026-03-30 15:14:57,421 [INFO] [847/1143] [DRY] 1.2.840.113619.2.476.303224597448039197424778346786215321131 标签值: 冷冻消融及随访/北大人民医院
2026-03-30 15:14:57,423 [INFO] [848/1143] [DRY] 1.2.840.113619.2.416.123400654397295435321691440896005876601 标签值: 冷冻消融及随访/北大人民医院
2026-03-30 15:14:57,423 [INFO] [849/1143] [DRY] 1.2.840.113619.2.416.286381648875165216092946813500322818635 标签值: 冷冻消融及随访/北大人民医院
2026-03-30 15:14:57,425 [INFO] [850/1143] [DRY] 1.2.840.113619.186.80861568102.20240812150612347.126 标签值: 冷冻消融及随访/北大人民医院
2026-03-30 15:14:57,435 [INFO] [851/1143] [DRY] 1.2.840.113619.186.80861568102.20250603103628475.486 标签值: 冷冻消融及随访/北大人民医院
2026-03-30 15:14:57,437 [INFO] [852/1143] [DRY] 1.2.840.113619.2.416.276630913364911777587356345128001193975 标签值: 冷冻消融及随访/北大人民医院
2026-03-30 15:14:57,437 [INFO] [853/1143] [DRY] 1.2.840.113619.186.80861568102.20240810103632701.258 标签值: 冷冻消融及随访/北大人民医院
2026-03-30 15:14:57,437 [INFO] [854/1143] [DRY] 1.2.840.113619.186.80861568102.20241014160830185.490 标签值: 冷冻消融及随访/北大人民医院
2026-03-30 15:14:57,453 [INFO] [855/1143] [DRY] 1.2.840.113619.2.416.42993790217943971716111436316099459411 标签值: 冷冻消融及随访/北大人民医院
2026-03-30 15:14:57,453 [INFO] [856/1143] [DRY] 1.2.840.113619.2.416.58512714946036611335880667866859500558 标签值: 冷冻消融及随访/北大人民医院
2026-03-30 15:14:57,455 [INFO] [857/1143] [DRY] 1.2.840.113619.186.80861568102.20240813154147297.166 标签值: 冷冻消融及随访/北大人民医院
2026-03-30 15:14:57,455 [INFO] [858/1143] [DRY] 1.2.840.113619.186.80861568102.20241029141038440.470 标签值: 冷冻消融及随访/北大人民医院
2026-03-30 15:14:57,456 [INFO] [859/1143] [DRY] 1.2.840.113619.186.80861568102.20240918141737813.782 标签值: 冷冻消融及随访/北大人民医院
2026-03-30 15:14:57,456 [INFO] [860/1143] [DRY] 1.2.840.113619.2.416.148859745672685989750553451566391260229 标签值: 冷冻消融及随访/北大人民医院
2026-03-30 15:14:57,465 [INFO] [861/1143] [DRY] 1.2.840.113619.186.80861568102.20250517190147526.374 标签值: 冷冻消融及随访/北大人民医院
2026-03-30 15:14:57,466 [INFO] [862/1143] [DRY] 1.2.840.113619.186.80861568102.20250331142646689.763 标签值: 冷冻消融及随访/北大人民医院
2026-03-30 15:14:57,470 [INFO] [863/1143] [DRY] 1.2.840.113619.186.80861568102.20240814143648976.619 标签值: 冷冻消融及随访/北大人民医院
2026-03-30 15:14:57,470 [INFO] [864/1143] [DRY] 1.2.840.113619.2.416.253301754386974702184534822618364554252 标签值: 冷冻消融及随访/北大人民医院
2026-03-30 15:14:57,472 [INFO] [865/1143] [DRY] 1.2.840.113619.186.80861568102.20250623165649993.727 标签值: 冷冻消融及随访/北大人民医院
2026-03-30 15:14:57,473 [INFO] [866/1143] [DRY] 1.2.840.113619.186.80861568102.20250331101234034.315 标签值: 冷冻消融及随访/北大人民医院
2026-03-30 15:14:57,477 [INFO] [867/1143] [DRY] 1.2.840.113619.186.80861568102.20241218123916319.366 标签值: 冷冻消融及随访/北大人民医院
2026-03-30 15:14:57,484 [INFO] [868/1143] [DRY] 1.2.840.113619.186.80861568102.20250625145340942.604 标签值: 冷冻消融及随访/北大人民医院
2026-03-30 15:14:57,485 [INFO] [869/1143] [DRY] 1.2.840.113619.186.80861568102.20240918142054902.826 标签值: 冷冻消融及随访/北大人民医院
2026-03-30 15:14:57,485 [INFO] [870/1143] [DRY] 1.2.840.113619.186.80861568102.20250514180612403.202 标签值: 冷冻消融及随访/北大人民医院
2026-03-30 15:14:57,486 [INFO] [871/1143] [DRY] 1.2.840.113619.186.80861568102.20241218100827118.843 标签值: 冷冻消融及随访/北大人民医院
2026-03-30 15:14:57,494 [INFO] [872/1143] [DRY] 1.2.840.113619.186.80861568102.20240913102555141.857 标签值: 冷冻消融及随访/北大人民医院
2026-03-30 15:14:57,494 [INFO] [873/1143] [DRY] 1.2.840.113619.186.80861568102.20241212083430785.606 标签值: 冷冻消融及随访/北大人民医院
2026-03-30 15:14:57,498 [INFO] [874/1143] [DRY] 1.2.840.113619.186.80861568102.20240906154611755.468 标签值: 冷冻消融及随访/北大人民医院
2026-03-30 15:14:57,499 [INFO] [875/1143] [DRY] 1.2.840.113619.186.80861568102.20250624160441546.946 标签值: 冷冻消融及随访/北大人民医院
2026-03-30 15:14:57,499 [INFO] [876/1143] [DRY] 1.2.840.113619.2.476.255372921070999441408290605811424140167 标签值: 冷冻消融及随访/北大人民医院
2026-03-30 15:14:57,503 [INFO] [877/1143] [DRY] 1.2.840.113619.186.80861568102.20251227090553506.838 标签值: 冷冻消融及随访/北大人民医院
2026-03-30 15:14:57,503 [INFO] [878/1143] [DRY] 1.2.840.113619.186.80861568102.20240910093759959.308 标签值: 冷冻消融及随访/北大人民医院
2026-03-30 15:14:57,508 [INFO] [879/1143] [DRY] 1.2.840.113619.186.80861568102.20241015090009188.442 标签值: 冷冻消融及随访/北大人民医院
2026-03-30 15:14:57,508 [INFO] [880/1143] [DRY] 1.2.840.113619.186.80861568102.20240913100358313.384 标签值: 冷冻消融及随访/北大人民医院
2026-03-30 15:14:57,512 [INFO] [881/1143] [DRY] 1.2.840.113619.186.80861568102.20250618132559808.468 标签值: 冷冻消融及随访/北大人民医院
2026-03-30 15:14:57,513 [INFO] [882/1143] [DRY] 1.2.840.113619.186.80861568102.20241204141818932.171 标签值: 冷冻消融及随访/北大人民医院
2026-03-30 15:14:57,516 [INFO] [883/1143] [DRY] 1.2.840.113619.186.80861568102.20240911142107823.130 标签值: 冷冻消融及随访/北大人民医院
2026-03-30 15:14:57,518 [INFO] [884/1143] [DRY] 1.2.840.113619.186.80861568102.20241026131816214.663 标签值: 冷冻消融及随访/北大人民医院
2026-03-30 15:14:57,520 [INFO] [885/1143] [DRY] 1.2.840.113619.186.80861568102.20240910100324654.378 标签值: 冷冻消融及随访/北大人民医院
2026-03-30 15:14:57,523 [INFO] [886/1143] [DRY] 1.2.840.113619.186.80861568102.20241203150205064.496 标签值: 冷冻消融及随访/北大人民医院
2026-03-30 15:14:57,523 [INFO] [887/1143] [DRY] 1.2.840.113619.186.80861568102.20250616194603091.219 标签值: 冷冻消融及随访/北大人民医院
2026-03-30 15:14:57,525 [INFO] [888/1143] [DRY] 1.2.840.113619.186.80861568102.20240914141155513.532 标签值: 冷冻消融及随访/北大人民医院
2026-03-30 15:14:57,525 [INFO] [889/1143] [DRY] 1.2.840.113619.186.80861568102.20241016080328516.393 标签值: 冷冻消融及随访/北大人民医院
2026-03-30 15:14:57,530 [INFO] [890/1143] [DRY] 1.2.840.113619.186.80861568102.20240914141404262.248 标签值: 冷冻消融及随访/北大人民医院
2026-03-30 15:14:57,532 [INFO] [891/1143] [DRY] 1.2.840.113619.186.80861568102.20240913141443099.473 标签值: 冷冻消融及随访/北大人民医院
2026-03-30 15:14:57,542 [INFO] [892/1143] [DRY] 1.2.840.113619.186.80861568102.20241028151146299.591 标签值: 冷冻消融及随访/北大人民医院
2026-03-30 15:14:57,544 [INFO] [893/1143] [DRY] 1.2.840.113619.186.80861568102.20250728160040970.991 标签值: 冷冻消融及随访/北大人民医院
2026-03-30 15:14:57,544 [INFO] [894/1143] [DRY] 1.2.840.113619.186.80861568102.20250117112233374.203 标签值: 冷冻消融及随访/北大人民医院
2026-03-30 15:14:57,544 [INFO] [895/1143] [DRY] 1.2.840.113619.186.80861568102.20240912154524038.880 标签值: 冷冻消融及随访/北大人民医院
2026-03-30 15:14:57,550 [INFO] [896/1143] [DRY] 1.2.840.113619.186.80861568102.20240923152135985.344 标签值: 冷冻消融及随访/北大人民医院
2026-03-30 15:14:57,558 [INFO] [897/1143] [DRY] 1.2.840.113619.186.80861568102.20240921140614111.800 标签值: 冷冻消融及随访/北大人民医院
2026-03-30 15:14:57,558 [INFO] [898/1143] [DRY] 1.2.840.113619.186.80861568102.20241028151118474.965 标签值: 冷冻消融及随访/北大人民医院
2026-03-30 15:14:57,559 [INFO] [899/1143] [DRY] 1.2.840.113619.186.80861568102.20240923181803393.501 标签值: 冷冻消融及随访/北大人民医院
2026-03-30 15:14:57,560 [INFO] [900/1143] [DRY] 1.2.840.113619.186.80861568102.20240913141726174.238 标签值: 冷冻消融及随访/北大人民医院
2026-03-30 15:14:57,560 [INFO] [901/1143] [DRY] 1.2.840.113619.186.80861568102.20241027134126146.371 标签值: 冷冻消融及随访/北大人民医院
2026-03-30 15:14:57,574 [INFO] [902/1143] [DRY] 1.2.840.113619.186.80861568102.20250117180144651.981 标签值: 冷冻消融及随访/北大人民医院
2026-03-30 15:14:57,574 [INFO] [903/1143] [DRY] 1.2.840.113619.186.80861568102.20250305140818758.876 标签值: 冷冻消融及随访/北大人民医院
2026-03-30 15:14:57,576 [INFO] [904/1143] [DRY] 1.2.840.113619.186.80861568102.20240923164705244.336 标签值: 冷冻消融及随访/北大人民医院
2026-03-30 15:14:57,582 [INFO] [905/1143] [DRY] 1.2.840.113619.186.80861568102.20241026130308026.697 标签值: 冷冻消融及随访/北大人民医院
2026-03-30 15:14:57,582 [INFO] [906/1143] [DRY] 1.2.840.113619.186.80861568102.20241028151058730.199 标签值: 冷冻消融及随访/北大人民医院
2026-03-30 15:14:57,583 [INFO] [907/1143] [DRY] 1.2.840.113619.186.80861568102.20241113145446405.804 标签值: 冷冻消融及随访/北大人民医院
2026-03-30 15:14:57,584 [INFO] [908/1143] [DRY] 1.2.840.113619.186.80861568102.20250117125224895.955 标签值: 冷冻消融及随访/北大人民医院
2026-03-30 15:14:57,584 [INFO] [909/1143] [DRY] 1.2.840.113619.186.80861568102.20241113084046751.430 标签值: 冷冻消融及随访/北大人民医院
2026-03-30 15:14:57,584 [INFO] [910/1143] [DRY] 1.2.840.113619.2.476.160767082714131144953147181610937127439 标签值: 冷冻消融及随访/北大人民医院
2026-03-30 15:14:57,594 [INFO] [911/1143] [DRY] 1.2.840.113619.186.80861568102.20241016154547917.355 标签值: 冷冻消融及随访/北大人民医院
2026-03-30 15:14:57,595 [INFO] [912/1143] [DRY] 1.2.840.113619.186.80861568102.20240928135310627.863 标签值: 冷冻消融及随访/北大人民医院
2026-03-30 15:14:57,598 [INFO] [913/1143] [DRY] 1.2.840.113619.2.416.186746005231119405171067304432953844013 标签值: 冷冻消融及随访/北大人民医院
2026-03-30 15:14:57,601 [INFO] [914/1143] [DRY] 1.2.840.113619.186.80861568102.20250516130241755.558 标签值: 冷冻消融及随访/北大人民医院
2026-03-30 15:14:57,603 [INFO] [915/1143] [DRY] 1.2.840.113619.186.80861568102.20250611134153325.234 标签值: 冷冻消融及随访/北大人民医院
2026-03-30 15:14:57,604 [INFO] [916/1143] [DRY] 1.2.840.113619.186.80861568102.20240930132443373.274 标签值: 冷冻消融及随访/北大人民医院
2026-03-30 15:14:57,604 [INFO] [917/1143] [DRY] 1.2.840.113619.186.80861568102.20250724141134409.191 标签值: 冷冻消融及随访/北大人民医院
2026-03-30 15:14:57,605 [INFO] [918/1143] [DRY] 1.2.840.113619.186.80861568102.20251223130843885.521 标签值: 冷冻消融及随访/北大人民医院
2026-03-30 15:14:57,613 [INFO] [919/1143] [DRY] 1.2.840.113619.186.80861568102.20241130110141330.827 标签值: 冷冻消融及随访/北大人民医院
2026-03-30 15:14:57,617 [INFO] [920/1143] [DRY] 1.2.840.113619.186.80861568102.20250402143555632.613 标签值: 冷冻消融及随访/北大人民医院
2026-03-30 15:14:57,618 [INFO] [921/1143] [DRY] 1.2.840.113619.186.80861568102.20250331160636621.804 标签值: 冷冻消融及随访/北大人民医院
2026-03-30 15:14:57,619 [INFO] [922/1143] [DRY] 1.2.840.113619.186.80861568102.20241104163800746.634 标签值: 冷冻消融及随访/北大人民医院
2026-03-30 15:14:57,620 [INFO] [923/1143] [DRY] 1.2.840.113619.186.80861568102.20241021141254959.702 标签值: 冷冻消融及随访/北大人民医院
2026-03-30 15:14:57,620 [INFO] [924/1143] [DRY] 1.2.840.113619.186.80861568102.20241013082712463.629 标签值: 冷冻消融及随访/北大人民医院
2026-03-30 15:14:57,624 [INFO] [925/1143] [DRY] 1.2.840.113619.186.80861568102.20241021141239261.979 标签值: 冷冻消融及随访/北大人民医院
2026-03-30 15:14:57,626 [INFO] [926/1143] [DRY] 1.2.840.113619.186.80861568102.20241019134458528.474 标签值: 冷冻消融及随访/北大人民医院
2026-03-30 15:14:57,633 [INFO] [927/1143] [DRY] 1.2.840.113619.186.80861568102.20241023152747424.886 标签值: 冷冻消融及随访/北大人民医院
2026-03-30 15:14:57,635 [INFO] [928/1143] [DRY] 1.2.840.113619.2.472.3.1124731650.315.1744719532.145 标签值: 冷冻消融及随访/北大人民医院
2026-03-30 15:14:57,636 [INFO] [929/1143] [DRY] 1.2.840.113619.186.80861568102.20241017131216920.130 标签值: 冷冻消融及随访/北大人民医院
2026-03-30 15:14:57,636 [INFO] [930/1143] [DRY] 1.2.840.113619.186.80861568102.20241209130029969.314 标签值: 冷冻消融及随访/北大人民医院
2026-03-30 15:14:57,640 [INFO] [931/1143] [DRY] 1.2.840.113619.186.80861568102.20251022133307927.400 标签值: 冷冻消融及随访/北大人民医院
2026-03-30 15:14:57,642 [INFO] [932/1143] [DRY] 1.2.840.113619.186.80861568102.20241126143548718.670 标签值: 冷冻消融及随访/北大人民医院
2026-03-30 15:14:57,653 [INFO] [933/1143] [DRY] 1.2.840.113619.186.80861568102.20241223083859895.309 标签值: 冷冻消融及随访/北大人民医院
2026-03-30 15:14:57,653 [INFO] [934/1143] [DRY] 1.2.840.113619.186.80861568102.20241026091006947.378 标签值: 冷冻消融及随访/北大人民医院
2026-03-30 15:14:57,653 [INFO] [935/1143] [DRY] 1.2.840.113619.186.80861568102.20241127181602157.163 标签值: 冷冻消融及随访/北大人民医院
2026-03-30 15:14:57,655 [INFO] [936/1143] [DRY] 1.2.840.113619.186.80861568102.20241118132711326.994 标签值: 冷冻消融及随访/北大人民医院
2026-03-30 15:14:57,655 [INFO] [937/1143] [DRY] 1.2.840.113619.186.80861568102.20250411175702760.840 标签值: 冷冻消融及随访/北大人民医院
2026-03-30 15:14:57,668 [INFO] [938/1143] [DRY] 1.2.840.113619.186.80861568102.20241116130537562.788 标签值: 冷冻消融及随访/北大人民医院
2026-03-30 15:14:57,669 [INFO] [939/1143] [DRY] 1.2.840.113619.186.80861568102.20241118132653459.561 标签值: 冷冻消融及随访/北大人民医院
2026-03-30 15:14:57,670 [INFO] [940/1143] [DRY] 1.2.840.113619.186.80861568102.20241104124105507.925 标签值: 冷冻消融及随访/北大人民医院
2026-03-30 15:14:57,671 [INFO] [941/1143] [DRY] 1.2.840.113619.186.80861568102.20241225084403004.259 标签值: 冷冻消融及随访/北大人民医院
2026-03-30 15:14:57,671 [INFO] [942/1143] [DRY] 1.2.840.113619.186.80861568102.20241104093431129.943 标签值: 冷冻消融及随访/北大人民医院
2026-03-30 15:14:57,674 [INFO] [943/1143] [DRY] 1.2.840.113619.186.80861568102.20241116130604904.239 标签值: 冷冻消融及随访/北大人民医院
2026-03-30 15:14:57,681 [INFO] [944/1143] [DRY] 1.2.840.113619.186.80861568102.20241125161038263.880 标签值: 冷冻消融及随访/北大人民医院
2026-03-30 15:14:57,681 [INFO] [945/1143] [DRY] 1.2.840.113619.186.80861568102.20251213113142435.500 标签值: 冷冻消融及随访/北大人民医院
2026-03-30 15:14:57,685 [INFO] [946/1143] [DRY] 1.2.840.113619.186.80861568102.20250618155917298.361 标签值: 冷冻消融及随访/北大人民医院
2026-03-30 15:14:57,686 [INFO] [947/1143] [DRY] 1.2.840.113619.186.80861568102.20241123130712845.402 标签值: 冷冻消融及随访/北大人民医院
2026-03-30 15:14:57,688 [INFO] [948/1143] [DRY] 1.2.840.113619.186.80861568102.20250324143909579.293 标签值: 冷冻消融及随访/北大人民医院
2026-03-30 15:14:57,688 [INFO] [949/1143] [DRY] 1.2.840.113619.186.80861568102.20250314083316588.607 标签值: 冷冻消融及随访/北大人民医院
2026-03-30 15:14:57,690 [INFO] [950/1143] [DRY] 1.2.840.113619.2.476.222179934530855044526117953911471552694 标签值: 冷冻消融及随访/北大人民医院
2026-03-30 15:14:57,692 [INFO] [951/1143] [DRY] 1.2.840.113619.186.80861568102.20241224084229723.357 标签值: 冷冻消融及随访/北大人民医院
2026-03-30 15:14:57,695 [INFO] [952/1143] [DRY] 1.2.840.113619.186.80861568102.20241216164803106.822 标签值: 冷冻消融及随访/北大人民医院
2026-03-30 15:14:57,697 [INFO] [953/1143] [DRY] 1.2.840.113619.186.80861568102.20241214130652079.356 标签值: 冷冻消融及随访/北大人民医院
2026-03-30 15:14:57,699 [INFO] [954/1143] [DRY] 1.2.840.113619.186.80861568102.20250106140824637.980 标签值: 冷冻消融及随访/北大人民医院
2026-03-30 15:14:57,712 [INFO] [955/1143] [DRY] 1.2.840.113619.2.416.21354512992669918714876102623783224130 标签值: 冷冻消融及随访/北大人民医院
2026-03-30 15:14:57,714 [INFO] [956/1143] [DRY] 1.2.840.113619.2.416.275973874123789388346016956046517692109 标签值: 冷冻消融及随访/北大人民医院
2026-03-30 15:14:57,715 [INFO] [957/1143] [DRY] 1.2.840.113619.186.80861568102.20250526123245490.389 标签值: 冷冻消融及随访/北大人民医院
2026-03-30 15:14:57,716 [INFO] [958/1143] [DRY] 1.2.840.113619.186.80861568102.20250312143906175.366 标签值: 冷冻消融及随访/北大人民医院
2026-03-30 15:14:57,716 [INFO] [959/1143] [DRY] 1.2.840.113619.186.80861568102.20250310124538434.405 标签值: 冷冻消融及随访/北大人民医院
2026-03-30 15:14:57,724 [INFO] [960/1143] [DRY] 1.2.840.113619.186.80861568102.20250918125818576.777 标签值: 冷冻消融及随访/北大人民医院
2026-03-30 15:14:57,726 [INFO] [961/1143] [DRY] 1.2.840.113619.186.80861568102.20250516103513114.280 标签值: 冷冻消融及随访/北大人民医院
2026-03-30 15:14:57,729 [INFO] [962/1143] [DRY] 1.2.840.113619.2.416.112314402997400401162317595178754073157 标签值: 冷冻消融及随访/北大人民医院
2026-03-30 15:14:57,731 [INFO] [963/1143] [DRY] 1.2.840.113619.186.80861568102.20250219145205085.672 标签值: 冷冻消融及随访/北大人民医院
2026-03-30 15:14:57,732 [INFO] [964/1143] [DRY] 1.2.840.113619.186.80861568102.20250217152319019.622 标签值: 冷冻消融及随访/北大人民医院
2026-03-30 15:14:57,732 [INFO] [965/1143] [DRY] 1.2.840.113619.186.80861568102.20250106140906664.602 标签值: 冷冻消融及随访/北大人民医院
2026-03-30 15:14:57,733 [INFO] [966/1143] [DRY] 1.2.840.113619.186.80861568102.20251215083154519.450 标签值: 冷冻消融及随访/北大人民医院
2026-03-30 15:14:57,744 [INFO] [967/1143] [DRY] 1.2.840.113619.186.80861568102.20250106161622661.167 标签值: 冷冻消融及随访/北大人民医院
2026-03-30 15:14:57,744 [INFO] [968/1143] [DRY] 1.2.840.113619.186.80861568102.20250108143227931.941 标签值: 冷冻消融及随访/北大人民医院
2026-03-30 15:14:57,746 [INFO] [969/1143] [DRY] 1.2.840.113619.186.80861568102.20250108143243466.614 标签值: 冷冻消融及随访/北大人民医院
2026-03-30 15:14:57,746 [INFO] [970/1143] [DRY] 1.2.840.113619.186.80861568102.20250222153842927.638 标签值: 冷冻消融及随访/北大人民医院
2026-03-30 15:14:57,760 [INFO] [971/1143] [DRY] 1.2.840.113619.186.80861568102.20250106162104376.373 标签值: 冷冻消融及随访/北大人民医院
2026-03-30 15:14:57,761 [INFO] [972/1143] [DRY] 1.2.840.113619.186.80861568102.20251227095532589.570 标签值: 冷冻消融及随访/北大人民医院
2026-03-30 15:14:57,762 [INFO] [973/1143] [DRY] 1.2.840.113619.186.80861568102.20250103153122851.556 标签值: 冷冻消融及随访/北大人民医院
2026-03-30 15:14:57,762 [INFO] [974/1143] [DRY] 1.2.840.113619.2.472.3.1124731650.384.1740959547.910 标签值: 冷冻消融及随访/北大人民医院
2026-03-30 15:14:57,763 [INFO] [975/1143] [DRY] 1.2.840.113619.186.80861568102.20250201102559436.922 标签值: 冷冻消融及随访/北大人民医院
2026-03-30 15:14:57,764 [INFO] [976/1143] [DRY] 1.2.840.113619.186.80861568102.20250808130044765.350 标签值: 冷冻消融及随访/北大人民医院
2026-03-30 15:14:57,776 [INFO] [977/1143] [DRY] 1.2.840.113619.186.80861568102.20250604111156654.137 标签值: 冷冻消融及随访/北大人民医院
2026-03-30 15:14:57,777 [INFO] [978/1143] [DRY] 1.2.840.113619.186.80861568102.20250205141109984.460 标签值: 冷冻消融及随访/北大人民医院
2026-03-30 15:14:57,777 [INFO] [979/1143] [DRY] 1.2.840.113619.186.80861568102.20250212061419674.825 标签值: 冷冻消融及随访/北大人民医院
2026-03-30 15:14:57,778 [INFO] [980/1143] [DRY] 1.2.840.113619.186.80861568102.20250113142013549.887 标签值: 冷冻消融及随访/北大人民医院
2026-03-30 15:14:57,779 [INFO] [981/1143] [DRY] 1.2.840.113619.186.80861568102.20251229104940382.502 标签值: 冷冻消融及随访/北大人民医院
2026-03-30 15:14:57,780 [INFO] [982/1143] [DRY] 1.2.840.113619.186.80861568102.20250111132144420.817 标签值: 冷冻消融及随访/北大人民医院
2026-03-30 15:14:57,795 [INFO] [983/1143] [DRY] 1.2.840.113619.186.80861568102.20250516115123764.747 标签值: 冷冻消融及随访/北大人民医院
2026-03-30 15:14:57,796 [INFO] [984/1143] [DRY] 1.2.840.113619.186.80861568102.20250915153725262.710 标签值: 冷冻消融及随访/北大人民医院
2026-03-30 15:14:57,796 [INFO] [985/1143] [DRY] 1.2.840.113619.186.80861568102.20250514134953947.725 标签值: 冷冻消融及随访/北大人民医院
2026-03-30 15:14:57,797 [INFO] [986/1143] [DRY] 1.2.840.113619.186.80861568102.20250617143547497.506 标签值: 冷冻消融及随访/北大人民医院
2026-03-30 15:14:57,797 [INFO] [987/1143] [DRY] 1.2.840.113619.186.80861568102.20250115181625636.488 标签值: 冷冻消融及随访/北大人民医院
2026-03-30 15:14:57,798 [INFO] [988/1143] [DRY] 1.2.840.113619.186.80861568102.20250114142136009.186 标签值: 冷冻消融及随访/北大人民医院
2026-03-30 15:14:57,799 [INFO] [989/1143] [DRY] 1.2.840.113619.2.416.172676878318891457469243279206676357444 标签值: 冷冻消融及随访/北大人民医院
2026-03-30 15:14:57,808 [INFO] [990/1143] [DRY] 1.2.840.113619.186.80861568102.20250115174849430.506 标签值: 冷冻消融及随访/北大人民医院
2026-03-30 15:14:57,813 [INFO] [991/1143] [DRY] 1.2.840.113619.186.80861568102.20250210125120381.224 标签值: 冷冻消融及随访/北大人民医院
2026-03-30 15:14:57,814 [INFO] [992/1143] [DRY] 1.2.840.113619.186.80861568102.20250120135302850.591 标签值: 冷冻消融及随访/北大人民医院
2026-03-30 15:14:57,814 [INFO] [993/1143] [DRY] 1.2.840.113619.2.472.3.1124731650.453.1739490099.620 标签值: 冷冻消融及随访/北大人民医院
2026-03-30 15:14:57,814 [INFO] [994/1143] [DRY] 1.2.840.113619.186.80861568102.20250117160739817.367 标签值: 冷冻消融及随访/北大人民医院
2026-03-30 15:14:57,817 [INFO] [995/1143] [DRY] 1.2.840.113619.186.80861568102.20251029104435096.898 标签值: 冷冻消融及随访/北大人民医院
2026-03-30 15:14:57,817 [INFO] [996/1143] [DRY] 1.2.840.113619.186.80861568102.20251029133710914.747 标签值: 冷冻消融及随访/北大人民医院
2026-03-30 15:14:57,822 [INFO] [997/1143] [DRY] 1.2.840.113619.186.80861568102.20251027162632714.445 标签值: 冷冻消融及随访/北大人民医院
2026-03-30 15:14:57,825 [INFO] [998/1143] [DRY] 1.2.840.113619.186.80861568102.20250428152253588.762 标签值: 冷冻消融及随访/北大人民医院
2026-03-30 15:14:57,828 [INFO] [999/1143] [DRY] 1.2.840.113619.186.80861568102.20250328103233747.650 标签值: 冷冻消融及随访/北大人民医院
2026-03-30 15:14:57,830 [INFO] [1000/1143] [DRY] 1.2.840.113619.186.80861568102.20250210125056122.245 标签值: 冷冻消融及随访/北大人民医院
2026-03-30 15:14:57,831 [INFO] [1001/1143] [DRY] 1.2.840.113619.186.80861568102.20250209131131041.157 标签值: 冷冻消融及随访/北大人民医院
2026-03-30 15:14:57,832 [INFO] [1002/1143] [DRY] 1.2.840.113619.186.80861568102.20250618183252916.122 标签值: 冷冻消融及随访/北大人民医院
2026-03-30 15:14:57,833 [INFO] [1003/1143] [DRY] 1.2.840.113619.186.80861568102.20250224130321513.824 标签值: 冷冻消融及随访/北大人民医院
2026-03-30 15:14:57,841 [INFO] [1004/1143] [DRY] 1.2.840.113619.2.472.3.1124731650.561.1742946833.376 标签值: 冷冻消融及随访/北大人民医院
2026-03-30 15:14:57,841 [INFO] [1005/1143] [DRY] 1.2.840.113619.186.80861568102.20250226141849925.291 标签值: 冷冻消融及随访/北大人民医院
2026-03-30 15:14:57,849 [INFO] [1006/1143] [DRY] 1.2.840.113619.2.476.223175388923176434745108782238175382596 标签值: 冷冻消融及随访/北大人民医院
2026-03-30 15:14:57,851 [INFO] [1007/1143] [DRY] 1.2.840.113619.2.476.260000429219751681645610604693799124622 标签值: 冷冻消融及随访/北大人民医院
2026-03-30 15:14:57,852 [INFO] [1008/1143] [DRY] 1.2.840.113619.2.416.158324821752417113401972669969137855025 标签值: 冷冻消融及随访/北大人民医院
2026-03-30 15:14:57,852 [INFO] [1009/1143] [DRY] 1.2.840.113619.186.80861568102.20250616135327155.198 标签值: 冷冻消融及随访/北大人民医院
2026-03-30 15:14:57,853 [INFO] [1010/1143] [DRY] 1.2.840.113619.186.80861568102.20250301093652609.449 标签值: 冷冻消融及随访/北大人民医院
2026-03-30 15:14:57,869 [INFO] [1011/1143] [DRY] 1.2.840.113619.186.80861568102.20250714164721221.701 标签值: 冷冻消融及随访/北大人民医院
2026-03-30 15:14:57,871 [INFO] [1012/1143] [DRY] 1.2.840.113619.186.80861568102.20250310124514445.945 标签值: 冷冻消融及随访/北大人民医院
2026-03-30 15:14:57,871 [INFO] [1013/1143] [DRY] 1.2.840.113619.2.476.23463266106261722377632901894370962782 标签值: 冷冻消融及随访/北大人民医院
2026-03-30 15:14:57,872 [INFO] [1014/1143] [DRY] 1.2.840.113619.186.80861568102.20250414142414610.631 标签值: 冷冻消融及随访/北大人民医院
2026-03-30 15:14:57,872 [INFO] [1015/1143] [DRY] 1.2.840.113619.186.80861568102.20250311100854271.430 标签值: 冷冻消融及随访/北大人民医院
2026-03-30 15:14:57,872 [INFO] [1016/1143] [DRY] 1.2.840.113619.186.80861568102.20250319133747357.946 标签值: 冷冻消融及随访/北大人民医院
2026-03-30 15:14:57,878 [INFO] [1017/1143] [DRY] 1.2.840.113619.186.80861568102.20250409085436717.656 标签值: 冷冻消融及随访/北大人民医院
2026-03-30 15:14:57,882 [INFO] [1018/1143] [DRY] 1.2.840.113619.186.80861568102.20250317134755151.710 标签值: 冷冻消融及随访/北大人民医院
2026-03-30 15:14:57,884 [INFO] [1019/1143] [DRY] 1.2.840.113619.186.80861568102.20250319174426840.894 标签值: 冷冻消融及随访/北大人民医院
2026-03-30 15:14:57,887 [INFO] [1020/1143] [DRY] 1.2.840.113619.186.80861568102.20250317163347107.760 标签值: 冷冻消融及随访/北大人民医院
2026-03-30 15:14:57,888 [INFO] [1021/1143] [DRY] 1.2.840.113619.186.80861568102.20250519131428156.376 标签值: 冷冻消融及随访/北大人民医院
2026-03-30 15:14:57,890 [INFO] [1022/1143] [DRY] 1.2.840.113619.2.472.3.1124731650.888.1742560965.663 标签值: 冷冻消融及随访/北大人民医院
2026-03-30 15:14:57,891 [INFO] [1023/1143] [DRY] 1.2.840.113619.186.80861568102.20250409143336699.824 标签值: 冷冻消融及随访/北大人民医院
2026-03-30 15:14:57,892 [INFO] [1024/1143] [DRY] 1.2.840.113619.186.80861568102.20250326091515259.351 标签值: 冷冻消融及随访/北大人民医院
2026-03-30 15:14:57,899 [INFO] [1025/1143] [DRY] 1.2.840.113619.186.80861568102.20250521133439048.736 标签值: 冷冻消融及随访/北大人民医院
2026-03-30 15:14:57,900 [INFO] [1026/1143] [DRY] 1.2.840.113619.186.80861568102.20250617143206833.300 标签值: 冷冻消融及随访/北大人民医院
2026-03-30 15:14:57,917 [INFO] [1027/1143] [DRY] 1.2.840.113619.186.80861568102.20250401105152413.745 标签值: 冷冻消融及随访/北大人民医院
2026-03-30 15:14:57,918 [INFO] [1028/1143] [DRY] 1.2.840.113619.186.80861568102.20250326130242842.459 标签值: 冷冻消融及随访/北大人民医院
2026-03-30 15:14:57,919 [INFO] [1029/1143] [DRY] 1.2.840.113619.186.80861568102.20250402152428322.139 标签值: 冷冻消融及随访/北大人民医院
2026-03-30 15:14:57,919 [INFO] [1030/1143] [DRY] 1.2.840.113619.2.472.3.1124731650.599.1747612107.245 标签值: 冷冻消融及随访/北大人民医院
2026-03-30 15:14:57,919 [INFO] [1031/1143] [DRY] 1.2.840.113619.186.80861568102.20250623132139242.657 标签值: 冷冻消融及随访/北大人民医院
2026-03-30 15:14:57,919 [INFO] [1032/1143] [DRY] 1.2.840.113619.186.80861568102.20251011141852507.872 标签值: 冷冻消融及随访/北大人民医院
2026-03-30 15:14:57,925 [INFO] [1033/1143] [DRY] 1.2.840.113619.186.80861568102.20250929144408794.823 标签值: 冷冻消融及随访/北大人民医院
2026-03-30 15:14:57,930 [INFO] [1034/1143] [DRY] 1.2.840.113619.186.80861568102.20250720090753804.738 标签值: 冷冻消融及随访/北大人民医院
2026-03-30 15:14:57,930 [INFO] [1035/1143] [DRY] 1.2.840.113619.2.476.156979268286833870658999434121998018955 标签值: 冷冻消融及随访/北大人民医院
2026-03-30 15:14:57,935 [INFO] [1036/1143] [DRY] 1.2.840.113619.186.80861568102.20250519131445847.892 标签值: 冷冻消融及随访/北大人民医院
2026-03-30 15:14:57,935 [INFO] [1037/1143] [DRY] 1.2.840.113619.186.80861568102.20250721134146312.462 标签值: 冷冻消融及随访/北大人民医院
2026-03-30 15:14:57,937 [INFO] [1038/1143] [DRY] 1.2.840.113619.186.80861568102.20250620134443872.185 标签值: 冷冻消融及随访/北大人民医院
2026-03-30 15:14:57,937 [INFO] [1039/1143] [DRY] 1.2.840.113619.186.80861568102.20251210132131723.930 标签值: 冷冻消融及随访/北大人民医院
2026-03-30 15:14:57,939 [INFO] [1040/1143] [DRY] 1.2.840.113619.186.80861568102.20251208164949209.411 标签值: 冷冻消融及随访/北大人民医院
2026-03-30 15:14:57,941 [INFO] [1041/1143] [DRY] 1.2.840.113619.186.80861568102.20251207104739852.360 标签值: 冷冻消融及随访/北大人民医院
2026-03-30 15:14:57,955 [INFO] [1042/1143] [DRY] 1.2.840.113619.2.472.3.1124731650.512.1745469160.126 标签值: 冷冻消融及随访/北大人民医院
2026-03-30 15:14:57,957 [INFO] [1043/1143] [DRY] 1.2.840.113619.186.80861568102.20250928154040096.448 标签值: 冷冻消融及随访/北大人民医院
2026-03-30 15:14:57,957 [INFO] [1044/1143] [DRY] 1.2.840.113619.186.80861568102.20250430141539981.552 标签值: 冷冻消融及随访/北大人民医院
2026-03-30 15:14:57,971 [INFO] [1045/1143] [DRY] 1.2.840.113619.186.80861568102.20250702142140914.936 标签值: 冷冻消融及随访/北大人民医院
2026-03-30 15:14:57,972 [INFO] [1046/1143] [DRY] 1.2.840.113619.186.80861568102.20250506095602598.844 标签值: 冷冻消融及随访/北大人民医院
2026-03-30 15:14:57,973 [INFO] [1047/1143] [DRY] 1.2.840.113619.186.80861568102.20250429130841952.228 标签值: 冷冻消融及随访/北大人民医院
2026-03-30 15:14:57,974 [INFO] [1048/1143] [DRY] 1.2.840.113619.186.80861568102.20250507134554413.660 标签值: 冷冻消融及随访/北大人民医院
2026-03-30 15:14:57,974 [INFO] [1049/1143] [DRY] 1.2.840.113619.186.80861568102.20250507134610081.580 标签值: 冷冻消融及随访/北大人民医院
2026-03-30 15:14:57,985 [INFO] [1050/1143] [DRY] 1.2.840.113619.186.80861568102.20250609131717445.404 标签值: 冷冻消融及随访/北大人民医院
2026-03-30 15:14:57,986 [INFO] [1051/1143] [DRY] 1.2.840.113619.186.80861568102.20251115164413990.195 标签值: 冷冻消融及随访/北大人民医院
2026-03-30 15:14:57,987 [INFO] [1052/1143] [DRY] 1.2.840.113619.186.80861568102.20250715150712961.753 标签值: 冷冻消融及随访/北大人民医院
2026-03-30 15:14:57,987 [INFO] [1053/1143] [DRY] 1.2.840.113619.186.80861568102.20250607143711585.126 标签值: 冷冻消融及随访/北大人民医院
2026-03-30 15:14:57,988 [INFO] [1054/1143] [DRY] 1.2.840.113619.2.476.135401700832224491934276769726732212716 标签值: 冷冻消融及随访/北大人民医院
2026-03-30 15:14:57,992 [INFO] [1055/1143] [DRY] 1.2.840.113619.186.80861568102.20250603102817121.536 标签值: 冷冻消融及随访/北大人民医院
2026-03-30 15:14:58,001 [INFO] [1056/1143] [DRY] 1.2.840.113619.186.80861568102.20250615085718614.148 标签值: 冷冻消融及随访/北大人民医院
2026-03-30 15:14:58,003 [INFO] [1057/1143] [DRY] 1.2.840.113619.186.80861568102.20250604152500345.852 标签值: 冷冻消融及随访/北大人民医院
2026-03-30 15:14:58,003 [INFO] [1058/1143] [DRY] 1.2.840.113619.186.80861568102.20250616135300247.419 标签值: 冷冻消融及随访/北大人民医院
2026-03-30 15:14:58,004 [INFO] [1059/1143] [DRY] 1.2.840.113619.186.80861568102.20251110145407075.976 标签值: 冷冻消融及随访/北大人民医院
2026-03-30 15:14:58,004 [INFO] [1060/1143] [DRY] 1.2.840.113619.186.80861568102.20250617175720722.590 标签值: 冷冻消融及随访/北大人民医院
2026-03-30 15:14:58,013 [INFO] [1061/1143] [DRY] 1.2.840.113619.186.80861568102.20250623132155709.769 标签值: 冷冻消融及随访/北大人民医院
2026-03-30 15:14:58,020 [INFO] [1062/1143] [DRY] 1.2.840.113619.2.472.3.1124731650.636.1752301025.894 标签值: 冷冻消融及随访/北大人民医院
2026-03-30 15:14:58,022 [INFO] [1063/1143] [DRY] 1.2.840.113619.186.80861568102.20250714160857171.121 标签值: 冷冻消融及随访/北大人民医院
2026-03-30 15:14:58,023 [INFO] [1064/1143] [DRY] 1.2.840.113619.2.476.269426296384377865958879917003058700526 标签值: 冷冻消融及随访/北大人民医院
2026-03-30 15:14:58,023 [INFO] [1065/1143] [DRY] 1.2.840.113619.186.80861568102.20250621150331237.710 标签值: 冷冻消融及随访/北大人民医院
2026-03-30 15:14:58,023 [INFO] [1066/1143] [DRY] 1.2.840.113619.186.80861568102.20251022132153086.750 标签值: 冷冻消融及随访/北大人民医院
2026-03-30 15:14:58,024 [INFO] [1067/1143] [DRY] 1.2.840.113619.186.80861568102.20251020164132888.137 标签值: 冷冻消融及随访/北大人民医院
2026-03-30 15:14:58,025 [INFO] [1068/1143] [DRY] 1.2.840.113619.186.80861568102.20251120174943836.923 标签值: 冷冻消融及随访/北大人民医院
2026-03-30 15:14:58,032 [INFO] [1069/1143] [DRY] 1.2.840.113619.186.80861568102.20250730134151697.524 标签值: 冷冻消融及随访/北大人民医院
2026-03-30 15:14:58,037 [INFO] [1070/1143] [DRY] 1.2.840.113619.186.80861568102.20250726095112599.525 标签值: 冷冻消融及随访/北大人民医院
2026-03-30 15:14:58,039 [INFO] [1071/1143] [DRY] 1.2.840.113619.186.80861568102.20250906140941945.386 标签值: 冷冻消融及随访/北大人民医院
2026-03-30 15:14:58,040 [INFO] [1072/1143] [DRY] 1.2.840.113619.186.80861568102.20250905092044703.940 标签值: 冷冻消融及随访/北大人民医院
2026-03-30 15:14:58,041 [INFO] [1073/1143] [DRY] 1.2.528.1.1001.100.2.22349.15469.1967251285.20250826125035769 标签值: 冷冻消融及随访/北大人民医院
2026-03-30 15:14:58,044 [INFO] [1074/1143] [DRY] 1.2.840.113619.186.80861568102.20250728095710972.719 标签值: 冷冻消融及随访/北大人民医院
2026-03-30 15:14:58,044 [INFO] [1075/1143] [DRY] 1.2.840.113619.186.80861568102.20250804144541941.591 标签值: 冷冻消融及随访/北大人民医院
2026-03-30 15:14:58,046 [INFO] [1076/1143] [DRY] 1.2.840.113619.186.80861568102.20251019130256430.293 标签值: 冷冻消融及随访/北大人民医院
2026-03-30 15:14:58,049 [INFO] [1077/1143] [DRY] 1.2.840.113619.186.80861568102.20250723135222398.775 标签值: 冷冻消融及随访/北大人民医院
2026-03-30 15:14:58,051 [INFO] [1078/1143] [DRY] 1.2.840.113619.186.80861568102.20250806135748090.955 标签值: 冷冻消融及随访/北大人民医院
2026-03-30 15:14:58,063 [INFO] [1079/1143] [DRY] 1.2.840.113619.186.80861568102.20251111151234877.615 标签值: 冷冻消融及随访/北大人民医院
2026-03-30 15:14:58,063 [INFO] [1080/1143] [DRY] 1.2.840.113619.186.80861568102.20250829093641076.462 标签值: 冷冻消融及随访/北大人民医院
2026-03-30 15:14:58,064 [INFO] [1081/1143] [DRY] 1.2.840.113619.186.80861568102.20250922102324070.103 标签值: 冷冻消融及随访/北大人民医院
2026-03-30 15:14:58,082 [INFO] [1082/1143] [DRY] 1.2.840.113619.186.80861568102.20250810090835560.449 标签值: 冷冻消融及随访/北大人民医院
2026-03-30 15:14:58,083 [INFO] [1083/1143] [DRY] 1.2.840.113619.186.80861568102.20250909085314256.856 标签值: 冷冻消融及随访/北大人民医院
2026-03-30 15:14:58,085 [INFO] [1084/1143] [DRY] 1.2.840.113619.186.80861568102.20250811125536487.732 标签值: 冷冻消融及随访/北大人民医院
2026-03-30 15:14:58,086 [INFO] [1085/1143] [DRY] 1.2.840.113619.2.476.206705488546504346560472012425114492228 标签值: 冷冻消融及随访/北大人民医院
2026-03-30 15:14:58,086 [INFO] [1086/1143] [DRY] 1.2.840.113619.186.80861568102.20250824102135961.449 标签值: 冷冻消融及随访/北大人民医院
2026-03-30 15:14:58,086 [INFO] [1087/1143] [DRY] 1.2.840.113619.186.80861568102.20250720090815375.239 标签值: 冷冻消融及随访/北大人民医院
2026-03-30 15:14:58,087 [INFO] [1088/1143] [DRY] 1.2.840.113619.186.80861568102.20250721134126950.324 标签值: 冷冻消融及随访/北大人民医院
2026-03-30 15:14:58,092 [INFO] [1089/1143] [DRY] 1.2.840.113619.186.80861568102.20250811125515499.727 标签值: 冷冻消融及随访/北大人民医院
2026-03-30 15:14:58,097 [INFO] [1090/1143] [DRY] 1.2.840.113619.186.80861568102.20250913112838754.699 标签值: 冷冻消融及随访/北大人民医院
2026-03-30 15:14:58,097 [INFO] [1091/1143] [DRY] 1.2.840.113619.186.80861568102.20251020130544186.878 标签值: 冷冻消融及随访/北大人民医院
2026-03-30 15:14:58,104 [INFO] [1092/1143] [DRY] 1.2.840.113619.186.80861568102.20250811103734121.463 标签值: 冷冻消融及随访/北大人民医院
2026-03-30 15:14:58,104 [INFO] [1093/1143] [DRY] 1.2.840.113619.186.80861568102.20251020190213894.253 标签值: 冷冻消融及随访/北大人民医院
2026-03-30 15:14:58,106 [INFO] [1094/1143] [DRY] 1.2.840.113619.186.80861568102.20250818144929315.165 标签值: 冷冻消融及随访/北大人民医院
2026-03-30 15:14:58,108 [INFO] [1095/1143] [DRY] 1.2.840.113619.186.80861568102.20250820140719087.691 标签值: 冷冻消融及随访/北大人民医院
2026-03-30 15:14:58,109 [INFO] [1096/1143] [DRY] 1.2.840.113619.186.80861568102.20251127125718243.218 标签值: 冷冻消融及随访/北大人民医院
2026-03-30 15:14:58,110 [INFO] [1097/1143] [DRY] 1.2.840.113619.186.80861568102.20251217134531092.253 标签值: 冷冻消融及随访/北大人民医院
2026-03-30 15:14:58,111 [INFO] [1098/1143] [DRY] 1.2.840.113619.186.80861568102.20250819150916368.620 标签值: 冷冻消融及随访/北大人民医院
2026-03-30 15:14:58,114 [INFO] [1099/1143] [DRY] 1.2.840.113619.186.80861568102.20250825163538817.740 标签值: 冷冻消融及随访/北大人民医院
2026-03-30 15:14:58,116 [INFO] [1100/1143] [DRY] 1.2.840.113619.186.80861568102.20250828090335110.874 标签值: 冷冻消融及随访/北大人民医院
2026-03-30 15:14:58,119 [INFO] [1101/1143] [DRY] 1.2.840.113619.186.80861568102.20250826100416164.855 标签值: 冷冻消融及随访/北大人民医院
2026-03-30 15:14:58,121 [INFO] [1102/1143] [DRY] 1.2.840.113619.186.80861568102.20250922133944639.393 标签值: 冷冻消融及随访/北大人民医院
2026-03-30 15:14:58,123 [INFO] [1103/1143] [DRY] 1.2.840.113619.2.476.255691970381829465043685704998126804994 标签值: 冷冻消融及随访/北大人民医院
2026-03-30 15:14:58,142 [INFO] [1104/1143] [DRY] 1.2.840.113619.186.80861568102.20250824105330423.210 标签值: 冷冻消融及随访/北大人民医院
2026-03-30 15:14:58,143 [INFO] [1105/1143] [DRY] 1.2.840.113619.186.80861568102.20250827142935170.693 标签值: 冷冻消融及随访/北大人民医院
2026-03-30 15:14:58,143 [INFO] [1106/1143] [DRY] 1.2.840.113619.186.80861568102.20251216092004607.842 标签值: 冷冻消融及随访/北大人民医院
2026-03-30 15:14:58,144 [INFO] [1107/1143] [DRY] 1.2.840.113619.186.80861568102.20250922134002908.784 标签值: 冷冻消融及随访/北大人民医院
2026-03-30 15:14:58,157 [INFO] [1108/1143] [DRY] 1.2.840.113619.186.80861568102.20251226141551911.847 标签值: 冷冻消融及随访/北大人民医院
2026-03-30 15:14:58,158 [INFO] [1109/1143] [DRY] 1.2.840.113619.186.80861568102.20250827160039040.812 标签值: 冷冻消融及随访/北大人民医院
2026-03-30 15:14:58,158 [INFO] [1110/1143] [DRY] 1.2.840.113619.186.80861568102.20250901131408427.673 标签值: 冷冻消融及随访/北大人民医院
2026-03-30 15:14:58,161 [INFO] [1111/1143] [DRY] 1.2.840.113619.186.80861568102.20250910160028676.940 标签值: 冷冻消融及随访/北大人民医院
2026-03-30 15:14:58,162 [INFO] [1112/1143] [DRY] 1.2.840.113619.186.80861568102.20250831142420275.888 标签值: 冷冻消融及随访/北大人民医院
2026-03-30 15:14:58,166 [INFO] [1113/1143] [DRY] 1.2.840.113619.186.80861568102.20251011162043921.832 标签值: 冷冻消融及随访/北大人民医院
2026-03-30 15:14:58,166 [INFO] [1114/1143] [DRY] 1.2.840.113619.186.80861568102.20251013132733141.177 标签值: 冷冻消融及随访/北大人民医院
2026-03-30 15:14:58,170 [INFO] [1115/1143] [DRY] 1.2.840.113619.186.80861568102.20250909140512835.799 标签值: 冷冻消融及随访/北大人民医院
2026-03-30 15:14:58,173 [INFO] [1116/1143] [DRY] 1.2.840.113619.186.80861568102.20250901164312400.320 标签值: 冷冻消融及随访/北大人民医院
2026-03-30 15:14:58,173 [INFO] [1117/1143] [DRY] 1.2.840.113619.186.80861568102.20250903140828537.250 标签值: 冷冻消融及随访/北大人民医院
2026-03-30 15:14:58,175 [INFO] [1118/1143] [DRY] 1.2.840.113619.186.80861568102.20250908141053164.465 标签值: 冷冻消融及随访/北大人民医院
2026-03-30 15:14:58,176 [INFO] [1119/1143] [DRY] 1.2.840.113619.186.80861568102.20250908094707624.129 标签值: 冷冻消融及随访/北大人民医院
2026-03-30 15:14:58,180 [INFO] [1120/1143] [DRY] 1.2.840.113619.186.80861568102.20250922134042315.100 标签值: 冷冻消融及随访/北大人民医院
2026-03-30 15:14:58,183 [INFO] [1121/1143] [DRY] 1.2.840.113619.186.80861568102.20250922152631587.478 标签值: 冷冻消融及随访/北大人民医院
2026-03-30 15:14:58,184 [INFO] [1122/1143] [DRY] 1.2.840.113619.186.80861568102.20250924131419004.739 标签值: 冷冻消融及随访/北大人民医院
2026-03-30 15:14:58,184 [INFO] [1123/1143] [DRY] 1.2.840.113619.186.80861568102.20251013132756477.286 标签值: 冷冻消融及随访/北大人民医院
2026-03-30 15:14:58,199 [INFO] [1124/1143] [DRY] 1.2.840.113619.186.80861568102.20251015164819579.134 标签值: 冷冻消融及随访/北大人民医院
2026-03-30 15:14:58,200 [INFO] [1125/1143] [DRY] 1.2.840.113619.186.80861568102.20251120163157202.469 标签值: 冷冻消融及随访/北大人民医院
2026-03-30 15:14:58,202 [INFO] [1126/1143] [DRY] 1.2.840.113619.186.80861568102.20251013132815622.651 标签值: 冷冻消融及随访/北大人民医院
2026-03-30 15:14:58,203 [INFO] [1127/1143] [DRY] 1.2.840.113619.186.80861568102.20251023123137947.298 标签值: 冷冻消融及随访/北大人民医院
2026-03-30 15:14:58,204 [INFO] [1128/1143] [DRY] 1.2.840.113619.186.80861568102.20251013185418003.903 标签值: 冷冻消融及随访/北大人民医院
2026-03-30 15:14:58,204 [INFO] [1129/1143] [DRY] 1.2.840.113619.186.80861568102.20250919163136228.945 标签值: 冷冻消融及随访/北大人民医院
2026-03-30 15:14:58,211 [INFO] [1130/1143] [DRY] 1.2.156.14702.1.1015.124.0.20251020145404612 标签值: 冷冻消融及随访/北大人民医院
2026-03-30 15:14:58,214 [INFO] [1131/1143] [DRY] 1.2.840.113619.186.80861568102.20251020144856543.257 标签值: 冷冻消融及随访/北大人民医院
2026-03-30 15:14:58,216 [INFO] [1132/1143] [DRY] 1.2.840.113619.186.80861568102.20251012134940699.103 标签值: 冷冻消融及随访/北大人民医院
2026-03-30 15:14:58,217 [INFO] [1133/1143] [DRY] 1.2.840.113619.186.80861568102.20251015140848795.347 标签值: 冷冻消融及随访/北大人民医院
2026-03-30 15:14:58,218 [INFO] [1134/1143] [DRY] 1.2.840.113619.186.80861568102.20251022132134029.248 标签值: 冷冻消融及随访/北大人民医院
2026-03-30 15:14:58,219 [INFO] [1135/1143] [DRY] 1.2.840.113619.186.80861568102.20251020162816719.493 标签值: 冷冻消融及随访/北大人民医院
2026-03-30 15:14:58,219 [INFO] [1136/1143] [DRY] 1.2.840.113619.186.80861568102.20251027132930236.126 标签值: 冷冻消融及随访/北大人民医院
2026-03-30 15:14:58,226 [INFO] [1137/1143] [DRY] 1.2.840.113619.186.80861568102.20251013180915377.220 标签值: 冷冻消融及随访/北大人民医院
2026-03-30 15:14:58,250 [INFO] [1138/1143] [DRY] 1.2.840.113619.186.80861568102.20251029133729284.435 标签值: 冷冻消融及随访/北大人民医院
2026-03-30 15:14:58,251 [INFO] [1139/1143] [DRY] 1.2.840.113619.186.80861568102.20251027133001465.457 标签值: 冷冻消融及随访/北大人民医院
2026-03-30 15:14:58,251 [INFO] [1140/1143] [DRY] 1.2.840.113619.186.80861568102.20251026153527587.146 标签值: 冷冻消融及随访/北大人民医院
2026-03-30 15:14:58,251 [INFO] [1141/1143] [DRY] 1.2.840.113619.186.80861568102.20251027135506859.778 标签值: 冷冻消融及随访/北大人民医院
2026-03-30 15:14:58,251 [INFO] [1142/1143] [DRY] 1.2.840.113619.186.80861568102.20251213150537155.430 标签值: 冷冻消融及随访/北大人民医院
2026-03-30 15:15:17,953 [INFO] [1143/1143] [SKIP] 1.2.840.113619.186.80861568102.20250226141935653.620 (未找到标签 77771027)
2026-03-30 15:15:17,954 [INFO] ============================================================
2026-03-30 15:15:17,954 [INFO] 同步任务结束:
2026-03-30 15:15:17,954 [INFO]   总计 Study: 1143
2026-03-30 15:15:17,954 [INFO]   检测到有效标签: 1131
2026-03-30 15:15:17,954 [INFO]   同步失败: 0
2026-03-30 15:15:17,954 [INFO]   由于缺少标签跳过: 12
2026-03-30 15:15:17,954 [INFO] 日志详情详见: E:\otherProjects\Viewers\sync_study_category_from_tag.log
2026-03-30 15:15:17,954 [INFO] ============================================================
2026-03-30 15:15:53,603 [INFO] ============================================================
2026-03-30 15:15:53,603 [INFO] 开始同步归档中的 Study 分类 (目标服务器: http://172.16.82.11:18081/dcm4chee-arc/aets/DCM4CHEE/rs)
2026-03-30 15:15:53,603 [INFO] ============================================================
2026-03-30 15:15:53,671 [INFO] [QIDO] 获取到 offset=0 的数据，当前累计 fetched=200
2026-03-30 15:15:53,734 [INFO] [QIDO] 获取到 offset=200 的数据，当前累计 fetched=400
2026-03-30 15:15:53,796 [INFO] [QIDO] 获取到 offset=400 的数据，当前累计 fetched=600
2026-03-30 15:15:53,860 [INFO] [QIDO] 获取到 offset=600 的数据，当前累计 fetched=800
2026-03-30 15:15:53,923 [INFO] [QIDO] 获取到 offset=800 的数据，当前累计 fetched=1000
2026-03-30 15:15:53,978 [INFO] [QIDO] 获取到 offset=1000 的数据，当前累计 fetched=1143
2026-03-30 15:15:53,978 [INFO] 计划处理 1143 个 Study...
2026-03-30 15:15:54,032 [INFO] [1/1143] [OK] 1.2.840.113619.186.80861568102.20241216144446137.641 -> 冷冻消融及随访/北大人民医院
2026-03-30 15:15:54,032 [INFO] [2/1143] [OK] 1.2.840.113619.186.80861568102.20250409093852689.541 -> 冷冻消融及随访/北大人民医院
2026-03-30 15:15:54,033 [INFO] [3/1143] [OK] 1.2.840.113619.186.80861568102.20241027093646466.193 -> 冷冻消融及随访/北大人民医院
2026-03-30 15:15:54,044 [INFO] [4/1143] [OK] 1.2.840.113619.2.476.300606269478057720928903792634809490204 -> 冷冻消融及随访/北大人民医院
2026-03-30 15:15:54,054 [INFO] [5/1143] [OK] 1.2.840.113619.186.80861568102.20250630133120430.913 -> 冷冻消融及随访/北大人民医院
2026-03-30 15:15:54,055 [INFO] [6/1143] [OK] 1.2.840.113619.186.80861568102.20250303162138439.542 -> 冷冻消融及随访/北大人民医院
2026-03-30 15:15:54,055 [INFO] [7/1143] [OK] 1.2.840.113619.186.80861568102.20250215085316753.929 -> 冷冻消融及随访/北大人民医院
2026-03-30 15:15:54,064 [INFO] [8/1143] [OK] 1.2.840.113619.2.476.185487856694216539028781573123244625882 -> 冷冻消融及随访/北大人民医院
2026-03-30 15:15:54,071 [INFO] [9/1143] [OK] 1.2.840.113619.186.80861568102.20251027202405827.957 -> 冷冻消融及随访/北大人民医院
2026-03-30 15:15:54,071 [INFO] [10/1143] [OK] 1.2.840.113619.186.80861568102.20241021173828695.234 -> 冷冻消融及随访/北大人民医院
2026-03-30 15:15:54,074 [INFO] [11/1143] [OK] 1.2.840.113619.186.80861568102.20240620100022362.950 -> 冷冻消融及随访/北大人民医院
2026-03-30 15:15:54,091 [INFO] [12/1143] [OK] 1.2.840.113619.186.80861568102.20240222101648438.244 -> 冷冻消融及随访/北大人民医院
2026-03-30 15:15:54,103 [INFO] [13/1143] [OK] 1.2.156.14702.1.1015.124.0.20240108143730282 -> 冷冻消融及随访/北大人民医院
2026-03-30 15:15:54,104 [INFO] [14/1143] [OK] 1.2.840.113619.186.80861568102.20250730094705073.568 -> 冷冻消融及随访/北大人民医院
2026-03-30 15:15:54,124 [INFO] [15/1143] [OK] 1.2.840.113619.186.80861568102.20250628142705866.373 -> 冷冻消融及随访/北大人民医院
2026-03-30 15:15:54,125 [INFO] [16/1143] [OK] 1.2.840.113619.2.278.3.497870658.331.1736727243.409 -> 临床试验数据/北京医院
2026-03-30 15:15:54,125 [INFO] [17/1143] [OK] 1.2.840.113619.2.278.3.497870658.331.1736727250.26 -> 临床试验数据/北京医院
2026-03-30 15:15:54,128 [INFO] [18/1143] [OK] 1.2.840.113619.2.278.3.497870658.331.1736727245.266 -> 临床试验数据/北京医院
2026-03-30 15:15:54,128 [INFO] [19/1143] [OK] 1.2.840.113619.186.80861568102.20240108130249541.557 -> 冷冻消融及随访/北大人民医院
2026-03-30 15:15:54,151 [INFO] [20/1143] [OK] 1.2.840.113619.2.278.3.497870658.331.1736727242.563 -> 临床试验数据/北京医院
2026-03-30 15:15:54,154 [INFO] [21/1143] [OK] 1.2.840.113619.2.278.3.497870658.331.1736727250.632 -> 临床试验数据/北京医院
2026-03-30 15:15:54,157 [INFO] [22/1143] [OK] 1.2.840.113619.2.278.3.497870658.268.1736301235.224 -> 临床试验数据/北京医院
2026-03-30 15:15:54,165 [INFO] [23/1143] [OK] 1.2.840.113619.2.278.3.497870658.331.1736727251.397 -> 临床试验数据/北京医院
2026-03-30 15:15:54,165 [INFO] [24/1143] [OK] 1.2.840.113619.2.278.3.497870658.331.1736727256.30 -> 临床试验数据/北京医院
2026-03-30 15:15:54,165 [INFO] [25/1143] [OK] 1.2.840.113619.2.278.3.497870658.331.1736727253.158 -> 临床试验数据/北京医院
2026-03-30 15:15:54,187 [INFO] [26/1143] [OK] 1.2.840.113619.2.278.3.497870658.331.1736727266.894 -> 临床试验数据/北京医院
2026-03-30 15:15:54,188 [INFO] [27/1143] [OK] 1.2.840.113619.2.278.3.497870658.331.1736727261.958 -> 临床试验数据/北京医院
2026-03-30 15:15:54,194 [INFO] [28/1143] [OK] 1.2.840.113619.2.278.3.497870658.331.1736727246.344 -> 临床试验数据/北京医院
2026-03-30 15:15:54,195 [INFO] [29/1143] [OK] 1.2.840.113619.2.278.3.497870658.331.1736727248.197 -> 临床试验数据/北京医院
2026-03-30 15:15:54,195 [INFO] [30/1143] [OK] 1.2.840.113619.2.278.3.497870658.331.1736727255.147 -> 临床试验数据/北京医院
2026-03-30 15:15:54,214 [INFO] [31/1143] [OK] 1.2.840.113619.2.278.3.497870658.268.1736301234.919 -> 临床试验数据/北京医院
2026-03-30 15:15:54,215 [INFO] [32/1143] [OK] 1.2.840.113619.2.278.3.497870658.331.1736727243.722 -> 临床试验数据/北京医院
2026-03-30 15:15:54,215 [INFO] [33/1143] [OK] 1.2.840.113619.2.278.3.497870658.331.1736727250.976 -> 临床试验数据/北京医院
2026-03-30 15:15:54,245 [INFO] [34/1143] [OK] 1.2.840.113619.2.278.3.497870658.331.1736727266.620 -> 临床试验数据/北京医院
2026-03-30 15:15:54,249 [INFO] [35/1143] [OK] 1.2.840.113619.2.278.3.497870658.331.1736727266.238 -> 临床试验数据/北京医院
2026-03-30 15:15:54,256 [INFO] [36/1143] [OK] 1.2.840.113619.2.278.3.497870658.331.1736727259.214 -> 临床试验数据/北京医院
2026-03-30 15:15:54,256 [INFO] [37/1143] [OK] 1.2.840.113619.2.278.3.497870658.331.1736727253.654 -> 临床试验数据/北京医院
2026-03-30 15:15:54,256 [INFO] [38/1143] [OK] 1.2.840.113619.2.278.3.497870658.331.1736727242.934 -> 临床试验数据/北京医院
2026-03-30 15:15:54,257 [INFO] [39/1143] [OK] 1.2.840.113619.2.278.3.497870658.331.1736727258.573 -> 临床试验数据/北京医院
2026-03-30 15:15:54,275 [INFO] [40/1143] [OK] 1.2.840.113619.2.278.3.497870658.268.1736301234.423 -> 临床试验数据/北京医院
2026-03-30 15:15:54,282 [INFO] [41/1143] [OK] 1.2.840.113619.2.278.3.497870658.331.1736727258.227 -> 临床试验数据/北京医院
2026-03-30 15:15:54,288 [INFO] [42/1143] [OK] 1.2.840.113619.2.278.3.497870658.331.1736727262.524 -> 临床试验数据/北京医院
2026-03-30 15:15:54,290 [INFO] [43/1143] [OK] 1.2.840.113619.2.278.3.497870658.331.1736727261.437 -> 临床试验数据/北京医院
2026-03-30 15:15:54,307 [INFO] [44/1143] [OK] 1.2.840.113619.2.278.3.497870658.331.1736727262.195 -> 临床试验数据/北京医院
2026-03-30 15:15:54,309 [INFO] [45/1143] [OK] 1.2.840.113619.2.278.3.497870658.331.1736727263.255 -> 临床试验数据/北京医院
2026-03-30 15:15:54,309 [INFO] [46/1143] [OK] 1.2.840.113619.2.278.3.497870658.331.1736727248.774 -> 临床试验数据/北京医院
2026-03-30 15:15:54,322 [INFO] [47/1143] [OK] 1.2.840.113619.2.278.3.497870658.331.1736727265.568 -> 临床试验数据/北京医院
2026-03-30 15:15:54,328 [INFO] [48/1143] [OK] 1.2.840.113619.2.278.3.497870658.331.1736727252.815 -> 临床试验数据/北京医院
2026-03-30 15:15:54,330 [INFO] [49/1143] [OK] 1.2.840.113619.2.278.3.497870658.331.1736727247.848 -> 临床试验数据/北京医院
2026-03-30 15:15:54,349 [INFO] [50/1143] [OK] 426739 -> HyData/原始数据
2026-03-30 15:15:54,351 [INFO] [51/1143] [OK] 1.2.840.113619.2.278.3.497870658.331.1736727256.327 -> 临床试验数据/北京医院
2026-03-30 15:15:54,351 [INFO] [52/1143] [OK] 1.2.840.113619.2.278.3.497870658.331.1736727244.318 -> 临床试验数据/北京医院
2026-03-30 15:15:54,352 [INFO] [53/1143] [OK] 1.2.840.113619.2.278.3.497870658.331.1736727262.789 -> 临床试验数据/北京医院
2026-03-30 15:15:54,365 [INFO] [54/1143] [OK] 1.2.840.113619.2.278.3.497870658.331.1736727247.502 -> 临床试验数据/北京医院
2026-03-30 15:15:54,365 [INFO] [55/1143] [OK] 1.2.840.113619.2.278.3.497870658.331.1736727259.524 -> 临床试验数据/北京医院
2026-03-30 15:15:54,396 [INFO] [56/1143] [OK] 428940 -> HyData/原始数据
2026-03-30 15:15:54,396 [INFO] [57/1143] [OK] 1.2.840.113619.2.416.153958247193233439187570243556403947279 -> 临床试验数据/佑安医院
2026-03-30 15:15:54,411 [INFO] [58/1143] [OK] 421412 -> HyData/原始数据
2026-03-30 15:15:54,413 [INFO] [59/1143] [OK] 1.2.156.14702.1.1015.124.0.20240226151216625 -> 冷冻消融及随访/北大人民医院
2026-03-30 15:15:54,414 [INFO] [60/1143] [OK] 417417 -> HyData/原始数据
2026-03-30 15:15:54,415 [INFO] [61/1143] [OK] 1.2.840.113619.186.80861568102.20240226125748457.982 -> 冷冻消融及随访/北大人民医院
2026-03-30 15:15:54,418 [INFO] [62/1143] [OK] 1.2.840.113619.2.416.240186451309376806589775362078000933969 -> 临床试验数据/佑安医院
2026-03-30 15:15:54,427 [INFO] [63/1143] [OK] 431908 -> HyData/原始数据
2026-03-30 15:15:54,437 [INFO] [64/1143] [OK] 1.2.840.113619.186.80861568102.20240520151354673.909 -> 冷冻消融及随访/北大人民医院
2026-03-30 15:15:54,456 [INFO] [65/1143] [OK] 424589 -> HyData/原始数据
2026-03-30 15:15:54,458 [INFO] [66/1143] [OK] 1.2.840.113619.186.80861568102.20240408160924866.796 -> 冷冻消融及随访/北大人民医院
2026-03-30 15:15:54,458 [INFO] [67/1143] [OK] 1.2.840.113619.186.80861568102.20231225075651225.191 -> 冷冻消融及随访/北大人民医院
2026-03-30 15:15:54,460 [INFO] [68/1143] [OK] 1.2.840.113619.186.80861568102.20240328082651431.328 -> 冷冻消融及随访/北大人民医院
2026-03-30 15:15:54,469 [INFO] [69/1143] [OK] 1.2.840.113619.2.416.175045067421356001110418671657553490492 -> 临床试验数据/佑安医院
2026-03-30 15:15:54,471 [INFO] [70/1143] [OK] 1.2.840.113619.186.80861568102.20240510082723696.724 -> 冷冻消融及随访/北大人民医院
2026-03-30 15:15:54,518 [INFO] [71/1143] [OK] 432339 -> HyData/原始数据
2026-03-30 15:15:54,518 [INFO] [72/1143] [OK] 1.2.840.113619.186.80861568102.20240809075725838.224 -> 冷冻消融及随访/北大人民医院
2026-03-30 15:15:54,528 [INFO] [73/1143] [OK] 423576 -> HyData/原始数据
2026-03-30 15:15:54,532 [INFO] [74/1143] [OK] 1.2.840.113619.186.80861568102.20241101163503292.466 -> 冷冻消融及随访/北大人民医院
2026-03-30 15:15:54,532 [INFO] [75/1143] [OK] 1.2.840.113619.186.80861568102.20240919080214936.268 -> 冷冻消融及随访/北大人民医院
2026-03-30 15:15:54,534 [INFO] [76/1143] [OK] 1.2.840.113619.186.80861568102.20241204162944152.525 -> 冷冻消融及随访/北大人民医院
2026-03-30 15:15:54,536 [INFO] [77/1143] [OK] 426511 -> HyData/原始数据
2026-03-30 15:15:54,543 [INFO] [78/1143] [OK] 1.2.840.113619.186.80861568102.20250101153143930.984 -> 冷冻消融及随访/北大人民医院
2026-03-30 15:15:54,548 [INFO] [79/1143] [OK] 1.2.840.113619.186.80861568102.20250729100732406.355 -> 冷冻消融及随访/北大人民医院
2026-03-30 15:15:54,564 [INFO] [80/1143] [OK] 433586 -> HyData/原始数据
2026-03-30 15:15:54,569 [INFO] [81/1143] [SKIP] 1.2.840.113564.345049290535.11068.638788508467836907.421562 (未找到标签 77771027)
2026-03-30 15:15:54,569 [INFO] [82/1143] [OK] 436446 -> HyData/原始数据
2026-03-30 15:15:54,570 [INFO] [83/1143] [OK] 1.2.840.113619.2.416.252703122742891902720739149292514948566 -> 临床试验数据/佑安医院
2026-03-30 15:15:54,589 [INFO] [84/1143] [OK] 1.2.840.113619.186.80861568102.20250228150925535.959 -> 冷冻消融及随访/北大人民医院
2026-03-30 15:15:54,594 [INFO] [85/1143] [OK] 1.2.840.113619.186.80861568102.20251111085949209.288 -> 冷冻消融及随访/北大人民医院
2026-03-30 15:15:54,594 [INFO] [86/1143] [OK] 433660 -> HyData/原始数据
2026-03-30 15:15:54,595 [INFO] [87/1143] [OK] 426745 -> HyData/原始数据
2026-03-30 15:15:54,612 [INFO] [88/1143] [OK] 1.3.12.2.1107.5.1.4.65644.30000020061600164328700000012 -> HyData/原始数据
2026-03-30 15:15:54,614 [INFO] [89/1143] [OK] 1.2.840.113619.186.80861568102.20250926090519728.532 -> 冷冻消融及随访/北大人民医院
2026-03-30 15:15:54,617 [INFO] [90/1143] [OK] 470799 -> HyData/原始数据
2026-03-30 15:15:54,622 [INFO] [91/1143] [OK] 1.2.840.113619.2.416.8715219262788394649603769636451591166 -> 临床试验数据/佑安医院
2026-03-30 15:15:54,629 [INFO] [92/1143] [OK] 497939 -> HyData/原始数据
2026-03-30 15:15:54,632 [INFO] [93/1143] [OK] 1.3.12.2.1107.5.1.4.65644.30000020121500070208500000011 -> HyData/原始数据
2026-03-30 15:15:54,644 [INFO] [94/1143] [OK] 1.2.840.113619.186.80861568102.20240213081218801.144 -> 冷冻消融及随访/北大人民医院
2026-03-30 15:15:54,645 [INFO] [95/1143] [OK] 446990 -> HyData/原始数据
2026-03-30 15:15:54,647 [INFO] [96/1143] [OK] 1.2.840.113619.186.80861568102.20251219150223153.765 -> 冷冻消融及随访/北大人民医院
2026-03-30 15:15:54,661 [INFO] [97/1143] [OK] 424582 -> HyData/原始数据
2026-03-30 15:15:54,664 [INFO] [98/1143] [OK] 474966 -> HyData/原始数据
2026-03-30 15:15:54,670 [INFO] [99/1143] [OK] 482882 -> HyData/原始数据
2026-03-30 15:15:54,678 [INFO] [100/1143] [OK] 1.2.840.113619.186.80861568102.20240406131849198.195 -> 冷冻消融及随访/北大人民医院
2026-03-30 15:15:54,678 [INFO] [101/1143] [OK] 496383 -> HyData/原始数据
2026-03-30 15:15:54,687 [INFO] [102/1143] [OK] 516864 -> HyData/原始数据
2026-03-30 15:15:54,688 [INFO] [103/1143] [OK] 433955 -> HyData/原始数据
2026-03-30 15:15:54,700 [INFO] [104/1143] [OK] 1.2.840.113619.186.80861568102.20250505125916487.296 -> 冷冻消融及随访/北大人民医院
2026-03-30 15:15:54,705 [INFO] [105/1143] [OK] 422607 -> HyData/原始数据
2026-03-30 15:15:54,705 [INFO] [106/1143] [OK] 506175 -> HyData/原始数据
2026-03-30 15:15:54,717 [INFO] [107/1143] [OK] 1.3.12.2.1107.5.1.4.65644.30000020050600112503200000009 -> HyData/原始数据
2026-03-30 15:15:54,718 [INFO] [108/1143] [OK] 1.2.840.113619.186.80861568102.20250625173304830.795 -> 冷冻消融及随访/北大人民医院
2026-03-30 15:15:54,718 [INFO] [109/1143] [OK] 1.2.840.113619.2.416.322141573958291810447347904464597949003 -> 临床试验数据/佑安医院
2026-03-30 15:15:54,736 [INFO] [110/1143] [OK] 495094 -> HyData/原始数据
2026-03-30 15:15:54,736 [INFO] [111/1143] [OK] 491002 -> HyData/原始数据
2026-03-30 15:15:54,768 [INFO] [112/1143] [OK] 428621 -> HyData/原始数据
2026-03-30 15:15:54,769 [INFO] [113/1143] [OK] 514913 -> HyData/原始数据
2026-03-30 15:15:54,769 [INFO] [114/1143] [OK] 433661 -> HyData/原始数据
2026-03-30 15:15:54,769 [INFO] [115/1143] [OK] 1.2.840.113619.186.80861568102.20250915132148616.539 -> 冷冻消融及随访/北大人民医院
2026-03-30 15:15:54,779 [INFO] [116/1143] [OK] 489209 -> HyData/原始数据
2026-03-30 15:15:54,779 [INFO] [117/1143] [OK] 514914 -> HyData/原始数据
2026-03-30 15:15:54,791 [INFO] [118/1143] [OK] 513616 -> HyData/原始数据
2026-03-30 15:15:54,792 [INFO] [119/1143] [OK] 504025 -> HyData/原始数据
2026-03-30 15:15:54,800 [INFO] [120/1143] [OK] 1.2.840.113619.186.80861568102.20250731090311656.538 -> 冷冻消融及随访/北大人民医院
2026-03-30 15:15:54,811 [INFO] [121/1143] [OK] 494158 -> HyData/原始数据
2026-03-30 15:15:54,812 [INFO] [122/1143] [OK] 430344 -> HyData/原始数据
2026-03-30 15:15:54,812 [INFO] [123/1143] [OK] 431478 -> HyData/原始数据
2026-03-30 15:15:54,824 [INFO] [124/1143] [OK] 504764 -> HyData/原始数据
2026-03-30 15:15:54,840 [INFO] [125/1143] [OK] 492749 -> HyData/原始数据
2026-03-30 15:16:15,307 [ERROR] [126/1143] [FAIL] 1.2.840.113619.2.278.3.497870658.268.1736301235.714 更新失败 (标签值: 临床试验数据/北京医院)
2026-03-30 15:16:15,867 [ERROR] [127/1143] [FAIL] 499963 更新失败 (标签值: HyData/原始数据)
2026-03-30 15:16:24,837 [ERROR] [128/1143] [FAIL] 512621 更新失败 (标签值: HyData/原始数据)
2026-03-30 15:16:24,852 [ERROR] [129/1143] [FAIL] 506409 更新失败 (标签值: HyData/原始数据)
2026-03-30 15:16:24,853 [INFO] [130/1143] [SKIP] 429536 (未找到标签 77771027)
2026-03-30 15:16:24,853 [ERROR] [131/1143] [FAIL] 428235 更新失败 (标签值: HyData/原始数据)
2026-03-30 15:16:24,853 [ERROR] [132/1143] [FAIL] 1.2.840.113619.186.80861568102.20240313135255169.205 更新失败 (标签值: 冷冻消融及随访/北大人民医院)
2026-03-30 15:16:24,868 [ERROR] [133/1143] [FAIL] 424591 更新失败 (标签值: HyData/原始数据)
2026-03-30 15:16:25,907 [INFO] [134/1143] [OK] 1.2.840.113564.622683164842.25540.638766985643075560.226 -> 临床试验数据/佑安医院
2026-03-30 15:16:25,907 [INFO] [135/1143] [OK] 1.2.840.113619.2.416.319726803601278682304437653390135908834 -> 临床试验数据/佑安医院
2026-03-30 15:16:25,909 [INFO] [136/1143] [OK] 504520 -> HyData/原始数据
2026-03-30 15:16:25,918 [INFO] [137/1143] [OK] 496067 -> HyData/原始数据
2026-03-30 15:16:25,919 [INFO] [138/1143] [OK] 1.2.840.113619.2.278.3.34211337.166.1740529633.359 -> 临床试验数据/佑安医院
2026-03-30 15:16:25,926 [INFO] [139/1143] [OK] 1.2.840.113619.186.80861568102.20251222144629725.515 -> 冷冻消融及随访/北大人民医院
2026-03-30 15:16:25,937 [INFO] [140/1143] [OK] 1.3.12.2.1107.5.1.4.65644.30000020032400024113600000080 -> HyData/原始数据
2026-03-30 15:16:25,938 [INFO] [141/1143] [OK] 420039 -> HyData/原始数据
2026-03-30 15:16:25,941 [INFO] [142/1143] [OK] 511531 -> HyData/原始数据
2026-03-30 15:16:25,941 [INFO] [143/1143] [OK] 1.2.840.113619.186.80861568102.20241220134012624.959 -> 冷冻消融及随访/北大人民医院
2026-03-30 15:16:25,944 [INFO] [144/1143] [OK] 504043 -> HyData/原始数据
2026-03-30 15:16:25,976 [INFO] [145/1143] [OK] 1.2.840.113619.186.80861568102.20240514172606767.149 -> 冷冻消融及随访/北大人民医院
2026-03-30 15:16:25,976 [INFO] [146/1143] [OK] 504038 -> HyData/原始数据
2026-03-30 15:16:25,979 [INFO] [147/1143] [OK] 422013 -> HyData/原始数据
2026-03-30 15:16:25,992 [INFO] [148/1143] [OK] 492992 -> HyData/原始数据
2026-03-30 15:16:25,994 [INFO] [149/1143] [OK] 500647 -> HyData/原始数据
2026-03-30 15:16:25,994 [INFO] [150/1143] [OK] 1.2.840.113619.2.416.339074160046579902934505713996967484335 -> 临床试验数据/佑安医院
2026-03-30 15:16:25,997 [INFO] [151/1143] [OK] 422012 -> HyData/原始数据
2026-03-30 15:16:25,997 [INFO] [152/1143] [OK] 1.2.840.113619.186.80861568102.20240313152008160.116 -> 冷冻消融及随访/北大人民医院
2026-03-30 15:16:26,011 [INFO] [153/1143] [OK] 512618 -> HyData/原始数据
2026-03-30 15:16:26,012 [INFO] [154/1143] [OK] 1.2.840.113619.186.80861568102.20240403130855510.778 -> 冷冻消融及随访/北大人民医院
2026-03-30 15:16:26,032 [INFO] [155/1143] [OK] 432085 -> HyData/原始数据
2026-03-30 15:16:26,038 [INFO] [156/1143] [OK] 1.2.840.113619.186.80861568102.20240508121831779.109 -> 冷冻消融及随访/北大人民医院
2026-03-30 15:16:26,041 [INFO] [157/1143] [OK] 515114 -> HyData/原始数据
2026-03-30 15:16:26,045 [INFO] [158/1143] [OK] 501421 -> HyData/原始数据
2026-03-30 15:16:26,045 [INFO] [159/1143] [OK] 1.2.840.113619.186.80861568102.20240424145127949.893 -> 冷冻消融及随访/北大人民医院
2026-03-30 15:16:26,046 [INFO] [160/1143] [OK] 432135 -> HyData/原始数据
2026-03-30 15:16:26,047 [INFO] [161/1143] [OK] 505708 -> HyData/原始数据
2026-03-30 15:16:26,055 [INFO] [162/1143] [OK] 508577 -> HyData/原始数据
2026-03-30 15:16:26,061 [INFO] [163/1143] [OK] 1.2.840.113619.186.80861568102.20240601064413108.216 -> 冷冻消融及随访/北大人民医院
2026-03-30 15:16:26,096 [INFO] [164/1143] [OK] 507869 -> HyData/原始数据
2026-03-30 15:16:26,098 [INFO] [165/1143] [OK] 490037 -> HyData/原始数据
2026-03-30 15:16:26,100 [INFO] [166/1143] [OK] 433672 -> HyData/原始数据
2026-03-30 15:16:26,101 [INFO] [167/1143] [OK] 508447 -> HyData/原始数据
2026-03-30 15:16:26,103 [INFO] [168/1143] [OK] 1.2.840.113619.186.80861568102.20240711081914612.970 -> 冷冻消融及随访/北大人民医院
2026-03-30 15:16:26,103 [INFO] [169/1143] [OK] 1.2.840.113619.2.416.129590615836135042200119787987180155542 -> 临床试验数据/佑安医院
2026-03-30 15:16:26,104 [INFO] [170/1143] [OK] 430054 -> HyData/原始数据
2026-03-30 15:16:26,119 [INFO] [171/1143] [OK] 1.2.840.113619.186.80861568102.20250306113246062.873 -> 冷冻消融及随访/北大人民医院
2026-03-30 15:16:26,134 [INFO] [172/1143] [OK] 1.2.840.113619.186.80861568102.20240516152817745.752 -> 冷冻消融及随访/北大人民医院
2026-03-30 15:16:26,142 [INFO] [173/1143] [OK] 508909 -> HyData/原始数据
2026-03-30 15:16:26,149 [INFO] [174/1143] [OK] 425981 -> HyData/原始数据
2026-03-30 15:16:26,149 [INFO] [175/1143] [OK] 491447 -> HyData/原始数据
2026-03-30 15:16:26,150 [INFO] [176/1143] [OK] 1.2.840.113619.186.80861568102.20240426103604321.513 -> 冷冻消融及随访/北大人民医院
2026-03-30 15:16:26,169 [INFO] [177/1143] [OK] 502486 -> HyData/原始数据
2026-03-30 15:16:26,170 [INFO] [178/1143] [OK] 507370 -> HyData/原始数据
2026-03-30 15:16:26,171 [INFO] [179/1143] [OK] 428200 -> HyData/原始数据
2026-03-30 15:16:26,172 [INFO] [180/1143] [OK] 1.2.840.113619.186.80861568102.20240611083625431.379 -> 冷冻消融及随访/北大人民医院
2026-03-30 15:16:26,178 [INFO] [181/1143] [OK] 510538 -> HyData/原始数据
2026-03-30 15:16:26,185 [INFO] [182/1143] [OK] 426742 -> HyData/原始数据
2026-03-30 15:16:26,197 [INFO] [183/1143] [OK] 430960 -> HyData/原始数据
2026-03-30 15:16:26,198 [INFO] [184/1143] [OK] 1.2.840.113619.186.80861568102.20241213105425625.503 -> 冷冻消融及随访/北大人民医院
2026-03-30 15:16:26,199 [INFO] [185/1143] [OK] 514649 -> HyData/原始数据
2026-03-30 15:16:26,199 [INFO] [186/1143] [OK] 1.2.840.113619.186.80861568102.20250711132826087.732 -> 冷冻消融及随访/北大人民医院
2026-03-30 15:16:26,217 [INFO] [187/1143] [OK] 421726 -> HyData/原始数据
2026-03-30 15:16:26,228 [INFO] [188/1143] [OK] 512619 -> HyData/原始数据
2026-03-30 15:16:26,230 [INFO] [189/1143] [OK] 499223 -> HyData/原始数据
2026-03-30 15:16:26,230 [INFO] [190/1143] [OK] 429537 -> HyData/原始数据
2026-03-30 15:16:26,231 [INFO] [191/1143] [OK] 511535 -> HyData/原始数据
2026-03-30 15:16:26,241 [INFO] [192/1143] [OK] 506806 -> HyData/原始数据
2026-03-30 15:16:26,241 [INFO] [193/1143] [OK] 1.2.840.113619.2.416.262221879264143460481725366781328635166 -> 临床试验数据/佑安医院
2026-03-30 15:16:26,249 [INFO] [194/1143] [OK] 501423 -> HyData/原始数据
2026-03-30 15:16:26,262 [INFO] [195/1143] [OK] 429186 -> HyData/原始数据
2026-03-30 15:16:26,280 [INFO] [196/1143] [OK] 512211 -> HyData/原始数据
2026-03-30 15:16:26,281 [INFO] [197/1143] [OK] 501429 -> HyData/原始数据
2026-03-30 15:16:26,283 [INFO] [198/1143] [OK] 1.2.840.113619.186.80861568102.20251125094927525.581 -> 冷冻消融及随访/北大人民医院
2026-03-30 15:16:26,287 [INFO] [199/1143] [OK] 427687 -> HyData/原始数据
2026-03-30 15:16:26,291 [INFO] [200/1143] [OK] 1.2.156.112605.189250948959126.210505024713.2.8520.13816 -> HyData/原始数据
2026-03-30 15:16:26,294 [INFO] [201/1143] [OK] 1.2.156.112605.189250948959126.210505024904.2.8520.14994 -> HyData/原始数据
2026-03-30 15:16:26,294 [INFO] [202/1143] [OK] 1.2.840.113619.186.80861568102.20250421132455870.802 -> 冷冻消融及随访/北大人民医院
2026-03-30 15:16:26,300 [INFO] [203/1143] [OK] 497677 -> HyData/原始数据
2026-03-30 15:16:26,309 [INFO] [204/1143] [OK] 1.2.840.113619.186.80861568102.20250214080406639.362 -> 冷冻消融及随访/北大人民医院
2026-03-30 15:16:26,321 [INFO] [205/1143] [OK] 432870 -> HyData/原始数据
2026-03-30 15:16:26,336 [INFO] [206/1143] [OK] 503088 -> HyData/原始数据
2026-03-30 15:16:26,337 [INFO] [207/1143] [OK] 420040 -> HyData/原始数据
2026-03-30 15:16:26,337 [INFO] [208/1143] [OK] 513441 -> HyData/原始数据
2026-03-30 15:16:26,357 [INFO] [209/1143] [OK] 501427 -> HyData/原始数据
2026-03-30 15:16:26,358 [INFO] [210/1143] [OK] 1.2.840.113619.186.80861568102.20250809170504121.122 -> 冷冻消融及随访/北大人民医院
2026-03-30 15:16:26,359 [INFO] [211/1143] [OK] 506805 -> HyData/原始数据
2026-03-30 15:16:26,359 [INFO] [212/1143] [OK] 434660 -> HyData/原始数据
2026-03-30 15:16:26,360 [INFO] [213/1143] [OK] 1.2.840.113619.186.80861568102.20250707152549201.753 -> 冷冻消融及随访/北大人民医院
2026-03-30 15:16:26,371 [INFO] [214/1143] [OK] 1.2.840.113619.186.80861568102.20251210142553665.207 -> 冷冻消融及随访/北大人民医院
2026-03-30 15:16:26,378 [INFO] [215/1143] [OK] 518425 -> HyData/原始数据
2026-03-30 15:16:26,382 [INFO] [216/1143] [OK] 428236 -> HyData/原始数据
2026-03-30 15:16:26,385 [INFO] [217/1143] [OK] 1.2.840.113619.2.416.157994325668881885263067817078551408602 -> 临床试验数据/佑安医院
2026-03-30 15:16:26,390 [INFO] [218/1143] [OK] 511803 -> HyData/原始数据
2026-03-30 15:16:26,390 [INFO] [219/1143] [OK] 1.2.840.113619.186.80861568102.20250706091502317.213 -> 冷冻消融及随访/北大人民医院
2026-03-30 15:16:26,396 [INFO] [220/1143] [OK] 421134 -> HyData/原始数据
2026-03-30 15:16:26,412 [INFO] [221/1143] [OK] 1.2.840.113619.186.80861568102.20240108125915542.433 -> 冷冻消融及随访/北大人民医院
2026-03-30 15:16:26,413 [INFO] [222/1143] [OK] 1.2.156.14702.1.1015.124.0.20240108170658452 -> 冷冻消融及随访/北大人民医院
2026-03-30 15:16:26,414 [INFO] [223/1143] [OK] 488621 -> HyData/原始数据
2026-03-30 15:16:26,415 [INFO] [224/1143] [OK] 499220 -> HyData/原始数据
2026-03-30 15:16:26,425 [INFO] [225/1143] [OK] 1.2.156.14702.1.1015.124.0.20240108170303081 -> 冷冻消融及随访/北大人民医院
2026-03-30 15:16:26,436 [INFO] [226/1143] [OK] 515348 -> HyData/原始数据
2026-03-30 15:16:26,446 [INFO] [227/1143] [OK] 1.2.840.113619.2.472.3.1124731650.80.1717112135.523 -> 冷冻消融及随访/北大人民医院
2026-03-30 15:16:26,449 [INFO] [228/1143] [OK] 431692 -> HyData/原始数据
2026-03-30 15:16:26,459 [INFO] [229/1143] [OK] 1.2.840.113619.186.80861568102.20240812105034781.211 -> 冷冻消融及随访/北大人民医院
2026-03-30 15:16:26,461 [INFO] [230/1143] [OK] 423579 -> HyData/原始数据
2026-03-30 15:16:26,466 [INFO] [231/1143] [OK] 1.2.840.113619.2.472.3.1124731650.80.1717112147.681 -> 冷冻消融及随访/北大人民医院
2026-03-30 15:16:26,468 [INFO] [232/1143] [OK] 514634 -> HyData/原始数据
2026-03-30 15:16:26,471 [INFO] [233/1143] [OK] 507881 -> HyData/原始数据
2026-03-30 15:16:26,473 [INFO] [234/1143] [SKIP] 1.2.840.113619.2.416.315520766470992389609334806750526658747 (未找到标签 77771027)
2026-03-30 15:16:26,482 [INFO] [235/1143] [OK] 422020 -> HyData/原始数据
2026-03-30 15:16:26,489 [INFO] [236/1143] [OK] 491495 -> HyData/原始数据
2026-03-30 15:16:26,496 [INFO] [237/1143] [OK] 502334 -> HyData/原始数据
2026-03-30 15:16:26,496 [INFO] [238/1143] [OK] 1.2.840.113619.186.80861568102.20250302174101679.686 -> 冷冻消融及随访/北大人民医院
2026-03-30 15:16:26,497 [INFO] [239/1143] [OK] 1.2.840.113619.2.476.34769253649533000509279751099216953416 -> 冷冻消融及随访/北大人民医院
2026-03-30 15:16:26,498 [INFO] [240/1143] [OK] 421725 -> HyData/原始数据
2026-03-30 15:16:26,504 [INFO] [241/1143] [OK] 507431 -> HyData/原始数据
2026-03-30 15:16:26,509 [INFO] [242/1143] [OK] 509149 -> HyData/原始数据
2026-03-30 15:16:26,516 [INFO] [243/1143] [OK] 1.2.840.113619.2.416.310242761350024796848188224342251404666 -> 冷冻消融及随访/北大人民医院
2026-03-30 15:16:26,517 [INFO] [244/1143] [OK] 423896 -> HyData/原始数据
2026-03-30 15:16:26,526 [INFO] [245/1143] [OK] 1.2.840.113619.186.80861568102.20240930110728509.463 -> 冷冻消融及随访/北大人民医院
2026-03-30 15:16:26,540 [INFO] [246/1143] [OK] 518026 -> HyData/原始数据
2026-03-30 15:16:26,541 [INFO] [247/1143] [OK] 1.2.840.113619.186.80861568102.20240904183928017.373 -> 冷冻消融及随访/北大人民医院
2026-03-30 15:16:26,541 [INFO] [248/1143] [OK] 518265 -> HyData/原始数据
2026-03-30 15:16:26,547 [INFO] [249/1143] [OK] 503465 -> HyData/原始数据
2026-03-30 15:16:26,552 [INFO] [250/1143] [OK] 489077 -> HyData/原始数据
2026-03-30 15:16:26,566 [INFO] [251/1143] [OK] 1.2.840.113619.186.80861568102.20241114190930062.809 -> 冷冻消融及随访/北大人民医院
2026-03-30 15:16:26,567 [INFO] [252/1143] [OK] 432387 -> HyData/原始数据
2026-03-30 15:16:26,568 [INFO] [253/1143] [OK] 488615 -> HyData/原始数据
2026-03-30 15:16:26,568 [INFO] [254/1143] [OK] 1.2.840.113619.186.80861568102.20241023172941687.839 -> 冷冻消融及随访/北大人民医院
2026-03-30 15:16:26,568 [INFO] [255/1143] [OK] 430053 -> HyData/原始数据
2026-03-30 15:16:26,581 [INFO] [256/1143] [OK] 421141 -> HyData/原始数据
2026-03-30 15:16:26,599 [INFO] [257/1143] [OK] 1.2.840.113619.186.80861568102.20241216164415427.114 -> 冷冻消融及随访/北大人民医院
2026-03-30 15:16:26,599 [INFO] [258/1143] [OK] 1.2.840.113619.186.80861568102.20241231140355549.375 -> 冷冻消融及随访/北大人民医院
2026-03-30 15:16:26,609 [INFO] [259/1143] [OK] 491475 -> HyData/原始数据
2026-03-30 15:16:26,610 [INFO] [260/1143] [OK] 509898 -> HyData/原始数据
2026-03-30 15:16:26,610 [INFO] [261/1143] [OK] 422014 -> HyData/原始数据
2026-03-30 15:16:26,629 [INFO] [262/1143] [OK] 1.3.12.2.1107.5.1.4.65644.30000021030800094769600000043 -> HyData/原始数据
2026-03-30 15:16:26,629 [INFO] [263/1143] [OK] 496814 -> HyData/原始数据
2026-03-30 15:16:26,629 [INFO] [264/1143] [OK] 1.3.12.2.1107.5.1.4.65644.30000020041400143456500000009 -> HyData/原始数据
2026-03-30 15:16:26,630 [INFO] [265/1143] [OK] 503016 -> HyData/原始数据
2026-03-30 15:16:26,647 [INFO] [266/1143] [OK] 505458 -> HyData/原始数据
2026-03-30 15:16:26,648 [INFO] [267/1143] [OK] 1.2.840.113619.2.416.227847375774101683588695395206811997170 -> 临床试验数据/佑安医院
2026-03-30 15:16:26,657 [INFO] [268/1143] [OK] 1.2.840.113619.186.80861568102.20250318110737607.434 -> 冷冻消融及随访/北大人民医院
2026-03-30 15:16:26,659 [INFO] [269/1143] [OK] 512620 -> HyData/原始数据
2026-03-30 15:16:26,675 [INFO] [270/1143] [OK] 427955 -> HyData/原始数据
2026-03-30 15:16:26,676 [INFO] [271/1143] [OK] 516870 -> HyData/原始数据
2026-03-30 15:16:26,677 [INFO] [272/1143] [OK] 422916 -> HyData/原始数据
2026-03-30 15:16:26,677 [INFO] [273/1143] [OK] 1.2.840.113619.186.80861568102.20250202140904647.683 -> 冷冻消融及随访/北大人民医院
2026-03-30 15:16:26,691 [INFO] [274/1143] [OK] 518570 -> HyData/原始数据
2026-03-30 15:16:26,700 [INFO] [275/1143] [OK] 507163 -> HyData/原始数据
2026-03-30 15:16:26,701 [INFO] [276/1143] [OK] 1.2.840.113619.186.80861568102.20250324164142861.777 -> 冷冻消融及随访/北大人民医院
2026-03-30 15:16:26,703 [INFO] [277/1143] [OK] 423245 -> HyData/原始数据
2026-03-30 15:16:26,704 [INFO] [278/1143] [OK] 1.2.840.113619.2.416.208442520138257090163460641764513791001 -> 临床试验数据/佑安医院
2026-03-30 15:16:26,716 [INFO] [279/1143] [OK] 502728 -> HyData/原始数据
2026-03-30 15:16:26,717 [INFO] [280/1143] [OK] 425314 -> HyData/原始数据
2026-03-30 15:16:26,737 [INFO] [281/1143] [OK] 1.2.840.113619.186.80861568102.20250312193742224.389 -> 冷冻消融及随访/北大人民医院
2026-03-30 15:16:26,738 [INFO] [282/1143] [OK] 1.2.840.113619.186.80861568102.20240909140322871.270 -> 冷冻消融及随访/北大人民医院
2026-03-30 15:16:26,750 [INFO] [283/1143] [OK] 433535 -> HyData/原始数据
2026-03-30 15:16:26,751 [INFO] [284/1143] [OK] 1.2.840.113619.186.80861568102.20240909103929151.465 -> 冷冻消融及随访/北大人民医院
2026-03-30 15:16:26,751 [INFO] [285/1143] [OK] 510979 -> HyData/原始数据
2026-03-30 15:16:26,765 [INFO] [286/1143] [OK] 518260 -> HyData/原始数据
2026-03-30 15:16:26,765 [INFO] [287/1143] [OK] 514381 -> HyData/原始数据
2026-03-30 15:16:26,765 [INFO] [288/1143] [OK] 1.2.840.113619.186.80861568102.20240902142152312.847 -> 冷冻消融及随访/北大人民医院
2026-03-30 15:16:26,766 [INFO] [289/1143] [OK] 427066 -> HyData/原始数据
2026-03-30 15:16:26,783 [INFO] [290/1143] [OK] 491250 -> HyData/原始数据
2026-03-30 15:16:26,784 [INFO] [291/1143] [OK] 500220 -> HyData/原始数据
2026-03-30 15:16:26,791 [INFO] [292/1143] [OK] 417670 -> HyData/原始数据
2026-03-30 15:16:26,792 [INFO] [293/1143] [OK] 1.2.840.113619.186.80861568102.20241005081728571.996 -> 冷冻消融及随访/北大人民医院
2026-03-30 15:16:26,795 [INFO] [294/1143] [OK] 423895 -> HyData/原始数据
2026-03-30 15:16:26,797 [INFO] [295/1143] [OK] 516660 -> HyData/原始数据
2026-03-30 15:16:26,815 [INFO] [296/1143] [OK] 510534 -> HyData/原始数据
2026-03-30 15:16:26,816 [INFO] [297/1143] [OK] 1.2.840.113619.186.80861568102.20250924131308804.148 -> 冷冻消融及随访/北大人民医院
2026-03-30 15:16:26,816 [INFO] [298/1143] [OK] 1.2.840.113619.2.416.292917176158867690860289422099457534679 -> 临床试验数据/佑安医院
2026-03-30 15:16:26,827 [INFO] [299/1143] [OK] 1.2.840.113619.2.476.38334659794436945682799985156756117235 -> 冷冻消融及随访/北大人民医院
2026-03-30 15:16:26,829 [INFO] [300/1143] [OK] 501248 -> HyData/原始数据
2026-03-30 15:16:26,831 [INFO] [301/1143] [OK] 433662 -> HyData/原始数据
2026-03-30 15:16:26,842 [INFO] [302/1143] [OK] 1.2.840.113619.2.476.245335786588241249460069299251618098681 -> 冷冻消融及随访/北大人民医院
2026-03-30 15:16:26,856 [INFO] [303/1143] [OK] 416546 -> HyData/原始数据
2026-03-30 15:16:26,858 [INFO] [304/1143] [OK] 508531 -> HyData/原始数据
2026-03-30 15:16:26,859 [INFO] [305/1143] [OK] 1.2.840.113619.186.80861568102.20250416150316313.928 -> 冷冻消融及随访/北大人民医院
2026-03-30 15:16:26,860 [INFO] [306/1143] [OK] 492381 -> HyData/原始数据
2026-03-30 15:16:26,867 [INFO] [307/1143] [OK] 420277 -> HyData/原始数据
2026-03-30 15:16:26,875 [INFO] [308/1143] [OK] 1.2.840.113619.186.80861568102.20240304131708536.775 -> 冷冻消融及随访/北大人民医院
2026-03-30 15:16:26,893 [INFO] [309/1143] [OK] 493211 -> HyData/原始数据
2026-03-30 15:16:26,895 [INFO] [310/1143] [OK] 1.2.840.113619.186.80861568102.20250415131844915.658 -> 冷冻消融及随访/北大人民医院
2026-03-30 15:16:26,910 [INFO] [311/1143] [OK] 1.2.840.113619.186.80861568102.20240405082103656.306 -> 冷冻消融及随访/北大人民医院
2026-03-30 15:16:26,912 [INFO] [312/1143] [OK] 500826 -> HyData/原始数据
2026-03-30 15:16:26,912 [INFO] [313/1143] [OK] 518262 -> HyData/原始数据
2026-03-30 15:16:26,913 [INFO] [314/1143] [OK] 422306 -> HyData/原始数据
2026-03-30 15:16:26,914 [INFO] [315/1143] [OK] 1.2.840.113619.186.80861568102.20240226142232052.157 -> 冷冻消融及随访/北大人民医院
2026-03-30 15:16:26,935 [INFO] [316/1143] [OK] 1.2.840.113619.186.80861568102.20251220161907270.315 -> 冷冻消融及随访/北大人民医院
2026-03-30 15:16:26,936 [INFO] [317/1143] [OK] 434446 -> HyData/原始数据
2026-03-30 15:16:26,936 [INFO] [318/1143] [OK] 504047 -> HyData/原始数据
2026-03-30 15:16:26,937 [INFO] [319/1143] [OK] 510959 -> HyData/原始数据
2026-03-30 15:16:26,952 [INFO] [320/1143] [OK] 420276 -> HyData/原始数据
2026-03-30 15:16:26,953 [INFO] [321/1143] [OK] 1.2.840.113619.186.80861568102.20250713170403696.908 -> 冷冻消融及随访/北大人民医院
2026-03-30 15:16:26,954 [INFO] [322/1143] [OK] 1.2.840.113619.186.80861568102.20241201163554490.910 -> 冷冻消融及随访/北大人民医院
2026-03-30 15:16:26,966 [INFO] [323/1143] [OK] 497307 -> HyData/原始数据
2026-03-30 15:16:26,974 [INFO] [324/1143] [OK] 504030 -> HyData/原始数据
2026-03-30 15:16:26,976 [INFO] [325/1143] [OK] 490294 -> HyData/原始数据
2026-03-30 15:16:26,995 [INFO] [326/1143] [OK] 1.3.12.2.1107.5.1.4.65644.30000020052500284573100000036 -> HyData/原始数据
2026-03-30 15:16:26,996 [INFO] [327/1143] [OK] 488662 -> HyData/原始数据
2026-03-30 15:16:26,996 [INFO] [328/1143] [OK] 1.2.840.113619.186.80861568102.20241030175817859.444 -> 冷冻消融及随访/北大人民医院
2026-03-30 15:16:27,012 [INFO] [329/1143] [OK] 488541 -> HyData/原始数据
2026-03-30 15:16:27,013 [INFO] [330/1143] [OK] 430354 -> HyData/原始数据
2026-03-30 15:16:27,029 [INFO] [331/1143] [OK] 1.2.840.113619.186.80861568102.20241126183252348.381 -> 冷冻消融及随访/北大人民医院
2026-03-30 15:16:27,035 [INFO] [332/1143] [OK] 510288 -> HyData/原始数据
2026-03-30 15:16:27,035 [INFO] [333/1143] [OK] 434245 -> HyData/原始数据
2026-03-30 15:16:27,037 [INFO] [334/1143] [OK] 511305 -> HyData/原始数据
2026-03-30 15:16:27,037 [INFO] [335/1143] [OK] 1.2.840.113619.186.80861568102.20250809100521466.381 -> 冷冻消融及随访/北大人民医院
2026-03-30 15:16:27,059 [INFO] [336/1143] [OK] 1.2.840.113619.2.416.272920860808466927584357251488588093228 -> 临床试验数据/佑安医院
2026-03-30 15:16:27,060 [INFO] [337/1143] [OK] 431904 -> HyData/原始数据
2026-03-30 15:16:27,060 [INFO] [338/1143] [OK] 1.2.840.113619.186.80861568102.20250203101339538.650 -> 冷冻消融及随访/北大人民医院
2026-03-30 15:16:27,061 [INFO] [339/1143] [OK] 424584 -> HyData/原始数据
2026-03-30 15:16:27,064 [INFO] [340/1143] [OK] 1.2.840.113619.186.80861568102.20241029084943434.142 -> 冷冻消融及随访/北大人民医院
2026-03-30 15:16:27,066 [INFO] [341/1143] [OK] 512753 -> HyData/原始数据
2026-03-30 15:16:27,074 [INFO] [342/1143] [OK] 499402 -> HyData/原始数据
2026-03-30 15:16:27,098 [INFO] [343/1143] [OK] 503263 -> HyData/原始数据
2026-03-30 15:16:27,100 [INFO] [344/1143] [OK] 1.2.840.113619.186.80861568102.20250528151023899.974 -> 冷冻消融及随访/北大人民医院
2026-03-30 15:16:27,113 [INFO] [345/1143] [OK] 1.2.840.113619.186.80861568102.20250924074845450.315 -> 冷冻消融及随访/北大人民医院
2026-03-30 15:16:27,142 [INFO] [346/1143] [OK] 434654 -> HyData/原始数据
2026-03-30 15:16:27,143 [INFO] [347/1143] [OK] 1.2.840.113619.186.80861568102.20250526154214059.295 -> 冷冻消融及随访/北大人民医院
2026-03-30 15:16:27,143 [INFO] [348/1143] [OK] 511162 -> HyData/原始数据
2026-03-30 15:16:27,143 [INFO] [349/1143] [OK] 488803 -> HyData/原始数据
2026-03-30 15:16:27,144 [INFO] [350/1143] [OK] 494424 -> HyData/原始数据
2026-03-30 15:16:27,144 [INFO] [351/1143] [OK] 1.2.840.113619.2.476.151253063578269862135173687889156109402 -> 冷冻消融及随访/北大人民医院
2026-03-30 15:16:27,158 [INFO] [352/1143] [OK] 1.2.840.113619.186.80861568102.20241023174819922.232 -> 冷冻消融及随访/北大人民医院
2026-03-30 15:16:27,164 [INFO] [353/1143] [OK] 469887 -> HyData/原始数据
2026-03-30 15:16:27,183 [INFO] [354/1143] [OK] 1.2.840.113619.186.80861568102.20241123094030435.401 -> 冷冻消融及随访/北大人民医院
2026-03-30 15:16:27,184 [INFO] [355/1143] [OK] 428437 -> HyData/原始数据
2026-03-30 15:16:27,184 [INFO] [356/1143] [OK] 1.2.840.113619.186.80861568102.20250717083831417.509 -> 冷冻消融及随访/北大人民医院
2026-03-30 15:16:27,194 [INFO] [357/1143] [OK] 1.3.12.2.1107.5.1.4.65644.30000020040600111791200000042 -> HyData/原始数据
2026-03-30 15:16:27,198 [INFO] [358/1143] [OK] 1.2.840.113619.186.80861568102.20250118105508033.894 -> 冷冻消融及随访/北大人民医院
2026-03-30 15:16:27,203 [INFO] [359/1143] [OK] 422018 -> HyData/原始数据
2026-03-30 15:16:27,207 [INFO] [360/1143] [OK] 1.2.840.113619.186.80861568102.20241022155226048.187 -> 冷冻消融及随访/北大人民医院
2026-03-30 15:16:27,212 [INFO] [361/1143] [OK] 1.2.840.113619.186.80861568102.20240826165450145.847 -> 冷冻消融及随访/北大人民医院
2026-03-30 15:16:27,213 [INFO] [362/1143] [OK] 501541 -> HyData/原始数据
2026-03-30 15:16:27,223 [INFO] [363/1143] [OK] 496026 -> HyData/原始数据
2026-03-30 15:16:27,223 [INFO] [364/1143] [OK] 508046 -> HyData/原始数据
2026-03-30 15:16:27,244 [INFO] [365/1143] [OK] 432338 -> HyData/原始数据
2026-03-30 15:16:27,245 [INFO] [366/1143] [OK] 1.2.840.113619.2.416.173447247049231069411175861283779841112 -> 临床试验数据/佑安医院
2026-03-30 15:16:27,252 [INFO] [367/1143] [OK] 1.3.12.2.1107.5.1.4.65644.30000020042400384082500000038 -> HyData/原始数据
2026-03-30 15:16:27,254 [INFO] [368/1143] [OK] 509535 -> HyData/原始数据
2026-03-30 15:16:27,255 [INFO] [369/1143] [OK] 1.2.840.113619.186.80861568102.20241203165638491.920 -> 冷冻消融及随访/北大人民医院
2026-03-30 15:16:27,271 [INFO] [370/1143] [OK] 1.2.840.113619.186.80861568102.20250305154041738.621 -> 冷冻消融及随访/北大人民医院
2026-03-30 15:16:27,272 [INFO] [371/1143] [OK] 507170 -> HyData/原始数据
2026-03-30 15:16:27,273 [INFO] [372/1143] [OK] 430055 -> HyData/原始数据
2026-03-30 15:16:27,278 [INFO] [373/1143] [OK] 1.2.840.113619.186.80861568102.20250601170550320.887 -> 冷冻消融及随访/北大人民医院
2026-03-30 15:16:27,287 [INFO] [374/1143] [OK] 1.2.840.113619.2.416.151951322226090811056396323102941021974 -> 冷冻消融及随访/北大人民医院
2026-03-30 15:16:27,289 [INFO] [375/1143] [OK] 432577 -> HyData/原始数据
2026-03-30 15:16:27,301 [INFO] [376/1143] [OK] 494959 -> HyData/原始数据
2026-03-30 15:16:27,302 [INFO] [377/1143] [OK] 510287 -> HyData/原始数据
2026-03-30 15:16:27,318 [INFO] [378/1143] [OK] 489461 -> HyData/原始数据
2026-03-30 15:16:27,319 [INFO] [379/1143] [OK] 424593 -> HyData/原始数据
2026-03-30 15:16:27,335 [INFO] [380/1143] [OK] 1.2.840.113619.2.416.186665839152615358499876061261999057499 -> 临床试验数据/佑安医院
2026-03-30 15:16:27,341 [INFO] [381/1143] [OK] 518859 -> HyData/原始数据
2026-03-30 15:16:27,342 [INFO] [382/1143] [OK] 1.2.840.113619.186.80861568102.20250421132517924.862 -> 冷冻消融及随访/北大人民医院
2026-03-30 15:16:27,343 [INFO] [383/1143] [OK] 1.2.840.113619.186.80861568102.20250521082942518.937 -> 冷冻消融及随访/北大人民医院
2026-03-30 15:16:27,353 [INFO] [384/1143] [OK] 433117 -> HyData/原始数据
2026-03-30 15:16:27,360 [INFO] [385/1143] [OK] 1.2.840.113619.186.80861568102.20240513120657810.343 -> 冷冻消融及随访/北大人民医院
2026-03-30 15:16:27,365 [INFO] [386/1143] [OK] 492056 -> HyData/原始数据
2026-03-30 15:16:27,366 [INFO] [387/1143] [OK] 510546 -> HyData/原始数据
2026-03-30 15:16:27,375 [INFO] [388/1143] [OK] 1.2.840.113619.2.416.265608454349296845822798649937571220982 -> 冷冻消融及随访/北大人民医院
2026-03-30 15:16:27,376 [INFO] [389/1143] [OK] 419061 -> HyData/原始数据
2026-03-30 15:16:27,381 [INFO] [390/1143] [OK] 1.3.12.2.1107.5.1.4.65644.30000021031700051535900000029 -> HyData/原始数据
2026-03-30 15:16:27,393 [INFO] [391/1143] [OK] 501094 -> HyData/原始数据
2026-03-30 15:16:27,394 [INFO] [392/1143] [OK] 512625 -> HyData/原始数据
2026-03-30 15:16:27,394 [INFO] [393/1143] [OK] 1.2.840.113619.186.80861568102.20240506081521993.548 -> 冷冻消融及随访/北大人民医院
2026-03-30 15:16:27,414 [INFO] [394/1143] [OK] 429879 -> HyData/原始数据
2026-03-30 15:16:27,415 [INFO] [395/1143] [OK] 1.2.840.113619.186.80861568102.20240504152125936.595 -> 冷冻消融及随访/北大人民医院
2026-03-30 15:16:27,415 [INFO] [396/1143] [OK] 1.2.840.113619.2.416.22821581008001605202175820593001740745 -> 冷冻消融及随访/北大人民医院
2026-03-30 15:16:27,416 [INFO] [397/1143] [OK] 493595 -> HyData/原始数据
2026-03-30 15:16:27,426 [INFO] [398/1143] [OK] 423577 -> HyData/原始数据
2026-03-30 15:16:27,429 [INFO] [399/1143] [OK] 1.2.840.113619.186.80861568102.20241116104803114.989 -> 冷冻消融及随访/北大人民医院
2026-03-30 15:16:27,438 [INFO] [400/1143] [OK] 501246 -> HyData/原始数据
2026-03-30 15:16:27,440 [INFO] [401/1143] [OK] 1.3.12.2.1107.5.1.4.65644.30000020041600112778600000033 -> HyData/原始数据
2026-03-30 15:16:27,442 [INFO] [402/1143] [OK] 491867 -> HyData/原始数据
2026-03-30 15:16:27,457 [INFO] [403/1143] [OK] 1.2.840.113619.2.416.52943416632185378565952761846452082424 -> 临床试验数据/佑安医院
2026-03-30 15:16:27,460 [INFO] [404/1143] [OK] 1.2.840.113619.186.80861568102.20250411180059070.561 -> 冷冻消融及随访/北大人民医院
2026-03-30 15:16:27,460 [INFO] [405/1143] [OK] 434235 -> HyData/原始数据
2026-03-30 15:16:27,470 [INFO] [406/1143] [OK] 1.2.840.113619.186.80861568102.20250423134220158.735 -> 冷冻消融及随访/北大人民医院
2026-03-30 15:16:27,471 [INFO] [407/1143] [OK] 1.2.840.113619.186.80861568102.20240731170415921.788 -> 冷冻消融及随访/北大人民医院
2026-03-30 15:16:27,484 [INFO] [408/1143] [OK] 424638 -> HyData/原始数据
2026-03-30 15:16:27,487 [INFO] [409/1143] [OK] 1.2.840.113619.186.80861568102.20250530111940378.486 -> 冷冻消融及随访/北大人民医院
2026-03-30 15:16:27,501 [INFO] [410/1143] [OK] 1.2.840.113619.186.80861568102.20250607143134240.944 -> 冷冻消融及随访/北大人民医院
2026-03-30 15:16:27,502 [INFO] [411/1143] [OK] 1.2.840.113619.186.80861568102.20251231171223956.169 -> 冷冻消融及随访/北大人民医院
2026-03-30 15:16:27,503 [INFO] [412/1143] [OK] 1.2.840.113619.186.80861568102.20240827183729573.514 -> 冷冻消融及随访/北大人民医院
2026-03-30 15:16:27,521 [INFO] [413/1143] [OK] 1.2.840.113619.186.80861568102.20241122130220587.869 -> 冷冻消融及随访/北大人民医院
2026-03-30 15:16:27,523 [INFO] [414/1143] [OK] 1.2.840.113619.186.80861568102.20250217125636317.641 -> 冷冻消融及随访/北大人民医院
2026-03-30 15:16:27,525 [INFO] [415/1143] [OK] 1.2.840.113619.186.80861568102.20250305140756504.966 -> 冷冻消融及随访/北大人民医院
2026-03-30 15:16:27,537 [INFO] [416/1143] [OK] 1.2.840.113619.2.416.295006171852024416306473255593374578912 -> 临床试验数据/佑安医院
2026-03-30 15:16:27,537 [INFO] [417/1143] [OK] 1.2.840.113619.186.80861568102.20250214134619435.123 -> 冷冻消融及随访/北大人民医院
2026-03-30 15:16:27,542 [INFO] [418/1143] [OK] 1.2.840.113619.186.80861568102.20241010105841644.694 -> 冷冻消融及随访/北大人民医院
2026-03-30 15:16:27,542 [INFO] [419/1143] [OK] 1.2.840.113619.186.80861568102.20250622183115017.161 -> 冷冻消融及随访/北大人民医院
2026-03-30 15:16:27,544 [INFO] [420/1143] [OK] 1.2.840.113619.186.80861568102.20240708143007826.157 -> 冷冻消融及随访/北大人民医院
2026-03-30 15:16:27,547 [INFO] [421/1143] [OK] 1.2.840.113619.186.80861568102.20250107172209218.809 -> 冷冻消融及随访/北大人民医院
2026-03-30 15:16:27,552 [INFO] [422/1143] [OK] 1.2.840.113619.186.80861568102.20240706090148681.989 -> 冷冻消融及随访/北大人民医院
2026-03-30 15:16:27,566 [INFO] [423/1143] [OK] 1.2.840.113619.2.416.139676964029762630051032940839974757410 -> 临床试验数据/佑安医院
2026-03-30 15:16:27,582 [INFO] [424/1143] [OK] 1.2.840.113619.186.80861568102.20240710105422464.606 -> 冷冻消融及随访/北大人民医院
2026-03-30 15:16:27,590 [INFO] [425/1143] [OK] 1.2.840.113619.186.80861568102.20240711144013062.194 -> 冷冻消融及随访/北大人民医院
2026-03-30 15:16:27,610 [INFO] [426/1143] [OK] 1.2.840.113619.2.476.122427016278026314122934386194241799097 -> 冷冻消融及随访/北大人民医院
2026-03-30 15:16:27,613 [INFO] [427/1143] [OK] 1.2.840.113619.2.416.57719258258018679952186427514560858803 -> 临床试验数据/佑安医院
2026-03-30 15:16:27,613 [INFO] [428/1143] [OK] 1.2.840.113619.186.80861568102.20240304120209830.612 -> 冷冻消融及随访/北大人民医院
2026-03-30 15:16:27,613 [INFO] [429/1143] [OK] 1.2.840.113619.186.80861568102.20240403111200909.716 -> 冷冻消融及随访/北大人民医院
2026-03-30 15:16:27,613 [INFO] [430/1143] [OK] 1.2.840.113619.186.80861568102.20251203104211159.129 -> 冷冻消融及随访/北大人民医院
2026-03-30 15:16:27,625 [INFO] [431/1143] [OK] 1.2.840.113619.186.80861568102.20240920152118743.232 -> 冷冻消融及随访/北大人民医院
2026-03-30 15:16:27,625 [INFO] [432/1143] [OK] 1.2.840.113619.186.80861568102.20240607103328117.852 -> 冷冻消融及随访/北大人民医院
2026-03-30 15:16:27,639 [INFO] [433/1143] [SKIP] 1.2.840.113619.2.416.228226641845214836293393616776784073805 (未找到标签 77771027)
2026-03-30 15:16:27,641 [INFO] [434/1143] [OK] 1.2.840.113619.2.416.86501702924898159504990966803491035603 -> 临床试验数据/佑安医院
2026-03-30 15:16:27,645 [INFO] [435/1143] [OK] 1.2.840.113619.186.80861568102.20241217155121833.542 -> 冷冻消融及随访/北大人民医院
2026-03-30 15:16:27,647 [INFO] [436/1143] [OK] 1.2.840.113619.186.80861568102.20250318172208392.351 -> 冷冻消融及随访/北大人民医院
2026-03-30 15:16:27,650 [INFO] [437/1143] [OK] 1.2.840.113619.186.80861568102.20240229162040415.332 -> 冷冻消融及随访/北大人民医院
2026-03-30 15:16:27,650 [INFO] [438/1143] [OK] 1.2.840.113619.186.80861568102.20250619154409082.633 -> 冷冻消融及随访/北大人民医院
2026-03-30 15:16:27,656 [INFO] [439/1143] [OK] 1.2.840.113619.186.80861568102.20251215155825115.589 -> 冷冻消融及随访/北大人民医院
2026-03-30 15:16:27,666 [INFO] [440/1143] [OK] 1.2.840.113619.186.80861568102.20241230145159598.270 -> 冷冻消融及随访/北大人民医院
2026-03-30 15:16:27,668 [INFO] [441/1143] [OK] 1.2.840.113619.2.476.28467502502279318492688554728951540355 -> 冷冻消融及随访/北大人民医院
2026-03-30 15:16:27,689 [INFO] [442/1143] [OK] 1.2.840.113619.186.80861568102.20250725094435948.439 -> 冷冻消融及随访/北大人民医院
2026-03-30 15:16:27,690 [INFO] [443/1143] [OK] 1.2.840.113619.186.80861568102.20251021150555488.897 -> 冷冻消融及随访/北大人民医院
2026-03-30 15:16:27,692 [INFO] [444/1143] [OK] 1.2.840.113619.2.476.40125660868721710016784870875055025757 -> 冷冻消融及随访/北大人民医院
2026-03-30 15:16:27,700 [INFO] [445/1143] [OK] 1.2.840.113619.186.80861568102.20241119130945777.503 -> 冷冻消融及随访/北大人民医院
2026-03-30 15:16:27,703 [INFO] [446/1143] [OK] 1.2.840.113619.2.476.96782052453588158496335542077178256266 -> 冷冻消融及随访/北大人民医院
2026-03-30 15:16:27,710 [INFO] [447/1143] [OK] 1.2.840.113619.2.416.77497556239262979682704218157267407998 -> 冷冻消融及随访/北大人民医院
2026-03-30 15:16:27,711 [INFO] [448/1143] [OK] 1.2.840.113619.186.80861568102.20250714130904679.706 -> 冷冻消融及随访/北大人民医院
2026-03-30 15:16:27,719 [INFO] [449/1143] [OK] 1.2.840.113619.186.80861568102.20250924092557521.568 -> 冷冻消融及随访/北大人民医院
2026-03-30 15:16:27,726 [INFO] [450/1143] [OK] 1.2.840.113619.186.80861568102.20250815072520724.895 -> 冷冻消融及随访/北大人民医院
2026-03-30 15:16:27,726 [INFO] [451/1143] [OK] 1.2.840.113619.186.80861568102.20250924131342525.193 -> 冷冻消融及随访/北大人民医院
2026-03-30 15:16:27,751 [INFO] [452/1143] [OK] 1.2.840.113619.186.80861568102.20240930132501417.548 -> 冷冻消融及随访/北大人民医院
2026-03-30 15:16:27,751 [INFO] [453/1143] [OK] 1.2.840.113619.186.80861568102.20251217073532936.767 -> 冷冻消融及随访/北大人民医院
2026-03-30 15:16:27,752 [INFO] [454/1143] [OK] 1.2.840.113619.186.80861568102.20250227132441000.940 -> 冷冻消融及随访/北大人民医院
2026-03-30 15:16:27,753 [INFO] [455/1143] [OK] 1.2.840.113619.2.416.159637590370852720015170437261994394027 -> 冷冻消融及随访/北大人民医院
2026-03-30 15:16:27,754 [INFO] [456/1143] [OK] 1.2.840.113619.186.80861568102.20240412160719214.574 -> 冷冻消融及随访/北大人民医院
2026-03-30 15:16:27,755 [INFO] [457/1143] [OK] 1.2.840.113619.186.80861568102.20240803180006106.413 -> 冷冻消融及随访/北大人民医院
2026-03-30 15:16:27,761 [INFO] [458/1143] [OK] 1.2.840.113619.186.80861568102.20240424145154699.172 -> 冷冻消融及随访/北大人民医院
2026-03-30 15:16:27,781 [INFO] [459/1143] [OK] 1.2.840.113619.186.80861568102.20250908091301746.342 -> 冷冻消融及随访/北大人民医院
2026-03-30 15:16:27,782 [INFO] [460/1143] [OK] 1.2.840.113619.186.80861568102.20241011091302947.439 -> 冷冻消融及随访/北大人民医院
2026-03-30 15:16:27,785 [INFO] [461/1143] [OK] 1.2.840.113619.2.416.9765927026555392529573209051693918872 -> 冷冻消融及随访/北大人民医院
2026-03-30 15:16:27,790 [INFO] [462/1143] [OK] 1.2.840.113619.186.80861568102.20250419125606972.513 -> 冷冻消融及随访/北大人民医院
2026-03-30 15:16:27,792 [INFO] [463/1143] [OK] 1.2.840.113619.186.80861568102.20241025174128946.724 -> 冷冻消融及随访/北大人民医院
2026-03-30 15:16:27,794 [INFO] [464/1143] [OK] 1.2.840.113619.186.80861568102.20250702142018231.268 -> 冷冻消融及随访/北大人民医院
2026-03-30 15:16:27,803 [INFO] [465/1143] [OK] 1.2.840.113619.186.80861568102.20240529194429486.787 -> 冷冻消融及随访/北大人民医院
2026-03-30 15:16:27,804 [INFO] [466/1143] [OK] 1.2.840.113619.186.80861568102.20241106163949991.668 -> 冷冻消融及随访/北大人民医院
2026-03-30 15:16:27,810 [INFO] [467/1143] [OK] 1.2.840.113619.186.80861568102.20250630160553652.223 -> 冷冻消融及随访/北大人民医院
2026-03-30 15:16:27,822 [INFO] [468/1143] [OK] 1.2.840.113619.2.476.62792545886670570516165503977480532523 -> 冷冻消融及随访/北大人民医院
2026-03-30 15:16:27,838 [INFO] [469/1143] [OK] 1.2.840.113619.186.80861568102.20240814173016516.371 -> 冷冻消融及随访/北大人民医院
2026-03-30 15:16:27,839 [INFO] [470/1143] [OK] 1.2.840.113619.186.80861568102.20250609131700798.401 -> 冷冻消融及随访/北大人民医院
2026-03-30 15:16:27,840 [INFO] [471/1143] [OK] 1.2.840.113619.186.80861568102.20251107130252561.783 -> 冷冻消融及随访/北大人民医院
2026-03-30 15:16:27,855 [INFO] [472/1143] [OK] 1.2.840.113619.186.80861568102.20240313134830485.965 -> 冷冻消融及随访/北大人民医院
2026-03-30 15:16:27,855 [INFO] [473/1143] [OK] 1.2.840.113619.186.80861568102.20240710181638706.515 -> 冷冻消融及随访/北大人民医院
2026-03-30 15:16:27,856 [INFO] [474/1143] [OK] 1.2.840.113619.186.80861568102.20250608084354349.196 -> 冷冻消融及随访/北大人民医院
2026-03-30 15:16:27,858 [INFO] [475/1143] [OK] 1.2.840.113619.186.80861568102.20241204102121477.349 -> 冷冻消融及随访/北大人民医院
2026-03-30 15:16:27,864 [INFO] [476/1143] [OK] 1.2.840.113619.186.80861568102.20241114104137088.987 -> 冷冻消融及随访/北大人民医院
2026-03-30 15:16:27,866 [INFO] [477/1143] [OK] 1.2.840.113619.186.80861568102.20240218091156287.181 -> 冷冻消融及随访/北大人民医院
2026-03-30 15:16:27,885 [INFO] [478/1143] [OK] 1.2.840.113619.186.80861568102.20250810142226793.237 -> 冷冻消融及随访/北大人民医院
2026-03-30 15:16:27,901 [INFO] [479/1143] [OK] 1.2.840.113619.186.80861568102.20240702091234095.950 -> 冷冻消融及随访/北大人民医院
2026-03-30 15:16:27,902 [INFO] [480/1143] [OK] 1.2.840.113619.186.80861568102.20240605150049527.404 -> 冷冻消融及随访/北大人民医院
2026-03-30 15:16:27,902 [INFO] [481/1143] [OK] 1.2.840.113619.186.80861568102.20241214083855808.356 -> 冷冻消融及随访/北大人民医院
2026-03-30 15:16:27,904 [INFO] [482/1143] [OK] 1.2.840.113619.186.80861568102.20250222082427055.441 -> 冷冻消融及随访/北大人民医院
2026-03-30 15:16:27,907 [INFO] [483/1143] [OK] 1.2.840.113619.186.80861568102.20241024090658670.610 -> 冷冻消融及随访/北大人民医院
2026-03-30 15:16:27,917 [INFO] [484/1143] [OK] 1.2.840.113619.186.80861568102.20250122125434455.954 -> 冷冻消融及随访/北大人民医院
2026-03-30 15:16:27,925 [INFO] [485/1143] [OK] 1.2.840.113619.2.476.99867414419224626954419830059764267384 -> 冷冻消融及随访/北大人民医院
2026-03-30 15:16:27,928 [INFO] [486/1143] [OK] 1.2.840.113619.2.416.138625434984878013731731439385646268581 -> 冷冻消融及随访/北大人民医院
2026-03-30 15:16:27,929 [INFO] [487/1143] [OK] 1.2.840.113619.186.80861568102.20240805110949695.951 -> 冷冻消融及随访/北大人民医院
2026-03-30 15:16:27,940 [INFO] [488/1143] [OK] 1.2.840.113619.186.80861568102.20250402092040534.327 -> 冷冻消融及随访/北大人民医院
2026-03-30 15:16:27,942 [INFO] [489/1143] [OK] 1.2.840.113619.2.416.107324941524108915846310252257603031274 -> 冷冻消融及随访/北大人民医院
2026-03-30 15:16:27,942 [INFO] [490/1143] [OK] 1.2.840.113619.186.80861568102.20240612141425956.233 -> 冷冻消融及随访/北大人民医院
2026-03-30 15:16:27,959 [INFO] [491/1143] [OK] 1.2.840.113619.2.476.283073821639081914342836948783440468184 -> 冷冻消融及随访/北大人民医院
2026-03-30 15:16:27,974 [INFO] [492/1143] [OK] 1.2.840.113619.2.476.70811264001948958907101272387653762381 -> 冷冻消融及随访/北大人民医院
2026-03-30 15:16:27,975 [INFO] [493/1143] [OK] 1.2.840.113619.186.80861568102.20250409140850566.221 -> 冷冻消融及随访/北大人民医院
2026-03-30 15:16:27,990 [INFO] [494/1143] [OK] 1.2.840.113619.2.416.110222671313542690100622230413644809938 -> 冷冻消融及随访/北大人民医院
2026-03-30 15:16:27,991 [INFO] [495/1143] [OK] 1.2.840.113619.186.80861568102.20240510073550377.357 -> 冷冻消融及随访/北大人民医院
2026-03-30 15:16:27,992 [INFO] [496/1143] [OK] 1.2.840.113619.186.80861568102.20240722091806016.469 -> 冷冻消融及随访/北大人民医院
2026-03-30 15:16:27,992 [INFO] [497/1143] [OK] 1.2.840.113619.186.80861568102.20250831131636334.558 -> 冷冻消融及随访/北大人民医院
2026-03-30 15:16:28,008 [INFO] [498/1143] [OK] 1.2.840.113619.186.80861568102.20250508080401535.437 -> 冷冻消融及随访/北大人民医院
2026-03-30 15:16:28,010 [INFO] [499/1143] [OK] 1.2.840.113619.186.80861568102.20250120160722166.344 -> 冷冻消融及随访/北大人民医院
2026-03-30 15:16:28,026 [INFO] [500/1143] [OK] 1.2.840.113619.186.80861568102.20240930133646963.445 -> 冷冻消融及随访/北大人民医院
2026-03-30 15:16:28,028 [INFO] [501/1143] [OK] 1.2.840.113619.2.476.51017330791967696537486075513869822678 -> 冷冻消融及随访/北大人民医院
2026-03-30 15:16:28,030 [INFO] [502/1143] [OK] 1.2.840.113619.186.80861568102.20250121164612244.710 -> 冷冻消融及随访/北大人民医院
2026-03-30 15:16:28,030 [INFO] [503/1143] [OK] 1.2.840.113619.186.80861568102.20240828135321176.203 -> 冷冻消融及随访/北大人民医院
2026-03-30 15:16:28,033 [INFO] [504/1143] [OK] 1.2.840.113619.186.80861568102.20240816095908253.399 -> 冷冻消融及随访/北大人民医院
2026-03-30 15:16:28,052 [INFO] [505/1143] [OK] 1.2.840.113619.186.80861568102.20251230173013029.345 -> 冷冻消融及随访/北大人民医院
2026-03-30 15:16:28,052 [INFO] [506/1143] [OK] 1.2.840.113619.186.80861568102.20250512150841706.564 -> 冷冻消融及随访/北大人民医院
2026-03-30 15:16:28,067 [INFO] [507/1143] [OK] 1.2.840.113619.186.80861568102.20250409154359857.133 -> 冷冻消融及随访/北大人民医院
2026-03-30 15:16:28,069 [INFO] [508/1143] [OK] 1.2.840.113619.186.80861568102.20250326195717003.655 -> 冷冻消融及随访/北大人民医院
2026-03-30 15:16:28,084 [INFO] [509/1143] [OK] 1.2.840.113619.186.80861568102.20240902161534735.732 -> 冷冻消融及随访/北大人民医院
2026-03-30 15:16:28,084 [INFO] [510/1143] [OK] 1.2.840.113619.186.80861568102.20250618192249117.577 -> 冷冻消融及随访/北大人民医院
2026-03-30 15:16:28,086 [INFO] [511/1143] [OK] 1.2.840.113619.186.80861568102.20240722153223557.996 -> 冷冻消融及随访/北大人民医院
2026-03-30 15:16:28,087 [INFO] [512/1143] [OK] 1.2.840.113619.186.80861568102.20241018181349708.483 -> 冷冻消融及随访/北大人民医院
2026-03-30 15:16:28,088 [INFO] [513/1143] [OK] 1.2.840.113619.2.472.3.1124731650.384.1722208835.901 -> 冷冻消融及随访/北大人民医院
2026-03-30 15:16:28,098 [INFO] [514/1143] [OK] 1.2.840.113619.186.80861568102.20240515144047477.328 -> 冷冻消融及随访/北大人民医院
2026-03-30 15:16:28,099 [INFO] [515/1143] [OK] 1.2.840.113619.186.80861568102.20251126150914227.837 -> 冷冻消融及随访/北大人民医院
2026-03-30 15:16:28,114 [INFO] [516/1143] [OK] 1.2.840.113619.186.80861568102.20250414204203879.410 -> 冷冻消融及随访/北大人民医院
2026-03-30 15:16:28,116 [INFO] [517/1143] [OK] 1.2.840.113619.186.80861568102.20240722135052650.890 -> 冷冻消融及随访/北大人民医院
2026-03-30 15:16:28,128 [INFO] [518/1143] [OK] 1.2.840.113619.186.80861568102.20241114130054503.566 -> 冷冻消融及随访/北大人民医院
2026-03-30 15:16:28,133 [INFO] [519/1143] [OK] 1.2.840.113619.186.80861568102.20250528151006404.699 -> 冷冻消融及随访/北大人民医院
2026-03-30 15:16:28,135 [INFO] [520/1143] [OK] 1.2.840.113619.186.80861568102.20250526154228218.916 -> 冷冻消融及随访/北大人民医院
2026-03-30 15:16:28,136 [INFO] [521/1143] [OK] 1.2.840.113619.186.80861568102.20250901131430875.619 -> 冷冻消融及随访/北大人民医院
2026-03-30 15:16:28,138 [INFO] [522/1143] [OK] 1.2.840.113619.186.80861568102.20250831094604469.801 -> 冷冻消融及随访/北大人民医院
2026-03-30 15:16:28,145 [INFO] [523/1143] [OK] 1.2.840.113619.186.80861568102.20240716090048677.551 -> 冷冻消融及随访/北大人民医院
2026-03-30 15:16:28,163 [INFO] [524/1143] [OK] 1.2.840.113619.186.80861568102.20251009151356179.275 -> 冷冻消融及随访/北大人民医院
2026-03-30 15:16:28,164 [INFO] [525/1143] [OK] 1.2.840.113619.186.80861568102.20240617160619335.187 -> 冷冻消融及随访/北大人民医院
2026-03-30 15:16:28,172 [INFO] [526/1143] [OK] 1.2.840.113619.186.80861568102.20241101135133508.611 -> 冷冻消融及随访/北大人民医院
2026-03-30 15:16:28,174 [INFO] [527/1143] [OK] 1.2.840.113619.186.80861568102.20240616131816041.877 -> 冷冻消融及随访/北大人民医院
2026-03-30 15:16:28,178 [INFO] [528/1143] [OK] 1.2.840.113619.186.80861568102.20250915161414593.791 -> 冷冻消融及随访/北大人民医院
2026-03-30 15:16:28,178 [INFO] [529/1143] [OK] 1.2.840.113619.186.80861568102.20251028111144437.211 -> 冷冻消融及随访/北大人民医院
2026-03-30 15:16:28,183 [INFO] [530/1143] [OK] 1.2.840.113619.186.80861568102.20250917130405586.380 -> 冷冻消融及随访/北大人民医院
2026-03-30 15:16:28,190 [INFO] [531/1143] [OK] 1.2.840.113619.186.80861568102.20250428152328981.249 -> 冷冻消融及随访/北大人民医院
2026-03-30 15:16:28,201 [INFO] [532/1143] [OK] 1.2.840.113619.186.80861568102.20250528091929403.638 -> 冷冻消融及随访/北大人民医院
2026-03-30 15:16:28,203 [INFO] [533/1143] [OK] 1.2.840.113619.186.80861568102.20250317142540311.814 -> 冷冻消融及随访/北大人民医院
2026-03-30 15:16:28,204 [INFO] [534/1143] [OK] 1.2.840.113619.186.80861568102.20251022174932255.932 -> 冷冻消融及随访/北大人民医院
2026-03-30 15:16:28,220 [INFO] [535/1143] [OK] 1.2.840.113619.186.80861568102.20250416101506101.161 -> 冷冻消融及随访/北大人民医院
2026-03-30 15:16:28,221 [INFO] [536/1143] [OK] 1.2.840.113619.186.80861568102.20250910085616264.485 -> 冷冻消融及随访/北大人民医院
2026-03-30 15:16:28,221 [INFO] [537/1143] [OK] 1.2.840.113619.2.416.121650456228367498965610039957771424588 -> 冷冻消融及随访/北大人民医院
2026-03-30 15:16:28,239 [INFO] [538/1143] [OK] 1.2.840.113619.186.80861568102.20240131093732631.843 -> 冷冻消融及随访/北大人民医院
2026-03-30 15:16:28,241 [INFO] [539/1143] [OK] 1.2.840.113619.186.80861568102.20240221120156554.105 -> 冷冻消融及随访/北大人民医院
2026-03-30 15:16:28,247 [INFO] [540/1143] [OK] 1.2.840.113619.186.80861568102.20240521125528824.157 -> 冷冻消融及随访/北大人民医院
2026-03-30 15:16:28,253 [INFO] [541/1143] [OK] 1.2.840.113619.186.80861568102.20241130091550159.599 -> 冷冻消融及随访/北大人民医院
2026-03-30 15:16:28,253 [INFO] [542/1143] [OK] 1.2.840.113619.186.80861568102.20240813092525807.663 -> 冷冻消融及随访/北大人民医院
2026-03-30 15:16:28,260 [INFO] [543/1143] [OK] 1.2.840.113619.186.80861568102.20240315085031372.476 -> 冷冻消融及随访/北大人民医院
2026-03-30 15:16:28,262 [INFO] [544/1143] [OK] 1.2.840.113619.186.80861568102.20241101083519704.378 -> 冷冻消融及随访/北大人民医院
2026-03-30 15:16:28,262 [INFO] [545/1143] [OK] 1.2.840.113619.186.80861568102.20250119095120129.297 -> 冷冻消融及随访/北大人民医院
2026-03-30 15:16:28,263 [INFO] [546/1143] [OK] 1.2.840.113619.186.80861568102.20250514135015887.280 -> 冷冻消融及随访/北大人民医院
2026-03-30 15:16:28,299 [INFO] [547/1143] [OK] 1.2.840.113619.186.80861568102.20250613160919133.634 -> 冷冻消融及随访/北大人民医院
2026-03-30 15:16:28,310 [INFO] [548/1143] [OK] 1.2.840.113619.186.80861568102.20240811162209383.113 -> 冷冻消融及随访/北大人民医院
2026-03-30 15:16:28,310 [INFO] [549/1143] [OK] 1.2.840.113619.186.80861568102.20250917150510073.369 -> 冷冻消融及随访/北大人民医院
2026-03-30 15:16:28,311 [INFO] [550/1143] [OK] 1.2.840.113619.186.80861568102.20240508133048557.773 -> 冷冻消融及随访/北大人民医院
2026-03-30 15:16:28,312 [INFO] [551/1143] [OK] 1.2.840.113619.186.80861568102.20240403144244922.113 -> 冷冻消融及随访/北大人民医院
2026-03-30 15:16:28,318 [INFO] [552/1143] [OK] 1.2.840.113619.186.80861568102.20250217200150580.595 -> 冷冻消融及随访/北大人民医院
2026-03-30 15:16:28,322 [INFO] [553/1143] [OK] 1.2.840.113619.186.80861568102.20241112103051779.338 -> 冷冻消融及随访/北大人民医院
2026-03-30 15:16:28,322 [INFO] [554/1143] [OK] 1.2.840.113619.2.416.294845429260534453035463100961411666950 -> 冷冻消融及随访/北大人民医院
2026-03-30 15:16:28,349 [INFO] [555/1143] [OK] 1.2.840.113619.186.80861568102.20240414134321475.169 -> 冷冻消融及随访/北大人民医院
2026-03-30 15:16:28,360 [INFO] [556/1143] [OK] 1.2.840.113619.186.80861568102.20240228172319256.204 -> 冷冻消融及随访/北大人民医院
2026-03-30 15:16:28,361 [INFO] [557/1143] [OK] 1.2.840.113619.186.80861568102.20250117154107528.547 -> 冷冻消融及随访/北大人民医院
2026-03-30 15:16:28,365 [INFO] [558/1143] [OK] 1.2.840.113619.186.80861568102.20241204153824445.454 -> 冷冻消融及随访/北大人民医院
2026-03-30 15:16:28,369 [INFO] [559/1143] [OK] 1.2.840.113619.186.80861568102.20250303083041671.697 -> 冷冻消融及随访/北大人民医院
2026-03-30 15:16:28,372 [INFO] [560/1143] [OK] 1.2.840.113619.186.80861568102.20251212162948945.908 -> 冷冻消融及随访/北大人民医院
2026-03-30 15:16:28,374 [INFO] [561/1143] [OK] 1.2.840.113619.2.476.191123548260763268040984045538365058723 -> 冷冻消融及随访/北大人民医院
2026-03-30 15:16:28,375 [INFO] [562/1143] [OK] 1.2.840.113619.186.80861568102.20240530170833603.307 -> 冷冻消融及随访/北大人民医院
2026-03-30 15:16:28,391 [INFO] [563/1143] [OK] 1.2.840.113619.186.80861568102.20241018160232653.176 -> 冷冻消融及随访/北大人民医院
2026-03-30 15:16:28,408 [INFO] [564/1143] [OK] 1.2.840.113619.186.80861568102.20250411185139212.834 -> 冷冻消融及随访/北大人民医院
2026-03-30 15:16:28,409 [INFO] [565/1143] [OK] 1.2.840.113619.186.80861568102.20231228164031723.712 -> CHEST_CT
2026-03-30 15:16:28,409 [INFO] [566/1143] [OK] 1.2.840.113619.186.80861568102.20240904144726349.572 -> 冷冻消融及随访/北大人民医院
2026-03-30 15:16:28,410 [INFO] [567/1143] [OK] 1.2.840.113619.186.80861568102.20240707184636219.849 -> 冷冻消融及随访/北大人民医院
2026-03-30 15:16:28,410 [INFO] [568/1143] [OK] 1.2.840.113619.2.416.47289258103323421089353312122627399149 -> 冷冻消融及随访/北大人民医院
2026-03-30 15:16:28,418 [INFO] [569/1143] [OK] 1.2.840.113619.2.476.79643400062972343025815155719601566208 -> 冷冻消融及随访/北大人民医院
2026-03-30 15:16:28,422 [INFO] [570/1143] [OK] 1.2.840.113619.186.80861568102.20240219130657369.249 -> 冷冻消融及随访/北大人民医院
2026-03-30 15:16:28,436 [INFO] [571/1143] [OK] 1.2.840.113619.186.80861568102.20240312155211399.350 -> 冷冻消融及随访/北大人民医院
2026-03-30 15:16:28,437 [INFO] [572/1143] [OK] 1.2.840.113619.186.80861568102.20250711092429223.669 -> 冷冻消融及随访/北大人民医院
2026-03-30 15:16:28,448 [INFO] [573/1143] [OK] 1.2.840.113619.186.80861568102.20240213101918118.792 -> 冷冻消融及随访/北大人民医院
2026-03-30 15:16:28,456 [INFO] [574/1143] [OK] 1.2.840.113619.186.80861568102.20240622131854681.894 -> 冷冻消融及随访/北大人民医院
2026-03-30 15:16:28,457 [INFO] [575/1143] [OK] 1.2.840.113619.186.80861568102.20241003160858335.351 -> 冷冻消融及随访/北大人民医院
2026-03-30 15:16:28,463 [INFO] [576/1143] [OK] 1.2.840.113619.186.80861568102.20240526131145562.711 -> 冷冻消融及随访/北大人民医院
2026-03-30 15:16:28,464 [INFO] [577/1143] [OK] 1.2.840.113619.186.80861568102.20240430082801171.204 -> CHEST_CT
2026-03-30 15:16:28,464 [INFO] [578/1143] [OK] 1.2.840.113619.186.80861568102.20240404135133612.833 -> 冷冻消融及随访/北大人民医院
2026-03-30 15:16:28,465 [INFO] [579/1143] [OK] 1.2.840.113619.186.80861568102.20240830100547044.210 -> 冷冻消融及随访/北大人民医院
2026-03-30 15:16:28,468 [INFO] [580/1143] [OK] 1.2.840.113619.186.80861568102.20250221103803820.218 -> 冷冻消融及随访/北大人民医院
2026-03-30 15:16:28,479 [INFO] [581/1143] [OK] 1.2.840.113619.186.80861568102.20241218152719841.256 -> 冷冻消融及随访/北大人民医院
2026-03-30 15:16:28,518 [INFO] [582/1143] [OK] 1.2.840.113619.186.80861568102.20251020160738723.332 -> 冷冻消融及随访/北大人民医院
2026-03-30 15:16:28,519 [INFO] [583/1143] [OK] 1.2.840.113619.186.80861568102.20251224152130943.208 -> 冷冻消融及随访/北大人民医院
2026-03-30 15:16:28,519 [INFO] [584/1143] [OK] 1.2.840.113619.186.80861568102.20250908141114492.975 -> 冷冻消融及随访/北大人民医院
2026-03-30 15:16:28,520 [INFO] [585/1143] [OK] 1.2.840.113619.186.80861568102.20250813162038447.250 -> 冷冻消融及随访/北大人民医院
2026-03-30 15:16:28,520 [INFO] [586/1143] [OK] 1.2.840.113619.186.80861568102.20250409161355470.372 -> 冷冻消融及随访/北大人民医院
2026-03-30 15:16:28,521 [INFO] [587/1143] [OK] 1.2.840.113619.186.80861568102.20250609160622884.278 -> 冷冻消融及随访/北大人民医院
2026-03-30 15:16:28,521 [INFO] [588/1143] [OK] 1.2.840.113619.2.476.200765689340454795143589494819064442686 -> 冷冻消融及随访/北大人民医院
2026-03-30 15:16:28,544 [INFO] [589/1143] [OK] 1.2.840.113619.2.476.172685064356931122512399718426342578392 -> 冷冻消融及随访/北大人民医院
2026-03-30 15:16:28,545 [INFO] [590/1143] [OK] 1.2.840.113619.2.476.133071384601834863165614668227937536616 -> 冷冻消融及随访/北大人民医院
2026-03-30 15:16:28,546 [INFO] [591/1143] [OK] 1.2.840.113619.186.80861568102.20250317094002675.176 -> 冷冻消融及随访/北大人民医院
2026-03-30 15:16:28,551 [INFO] [592/1143] [OK] 1.2.840.113619.2.416.75335823913875159811693025601882511509 -> 冷冻消融及随访/北大人民医院
2026-03-30 15:16:28,552 [INFO] [593/1143] [OK] 1.2.840.113619.186.80861568102.20241016180313428.486 -> 冷冻消融及随访/北大人民医院
2026-03-30 15:16:28,575 [INFO] [594/1143] [OK] 1.2.840.113619.186.80861568102.20240513120817999.533 -> 冷冻消融及随访/北大人民医院
2026-03-30 15:16:28,577 [INFO] [595/1143] [OK] 1.2.840.113619.186.80861568102.20240827083920268.425 -> 冷冻消融及随访/北大人民医院
2026-03-30 15:16:28,577 [INFO] [596/1143] [OK] 1.2.840.113619.186.80861568102.20240625095437188.625 -> 冷冻消融及随访/北大人民医院
2026-03-30 15:16:28,585 [INFO] [597/1143] [OK] 1.2.840.113619.2.416.168844975812559726209795688686428113798 -> 冷冻消融及随访/北大人民医院
2026-03-30 15:16:28,585 [INFO] [598/1143] [OK] 1.2.840.113619.186.80861568102.20240306121734180.701 -> 冷冻消融及随访/北大人民医院
2026-03-30 15:16:28,590 [INFO] [599/1143] [OK] 1.2.840.113619.186.80861568102.20250519162310358.898 -> 冷冻消融及随访/北大人民医院
2026-03-30 15:16:28,591 [INFO] [600/1143] [OK] 1.2.840.113619.186.80861568102.20241119084621492.964 -> 冷冻消融及随访/北大人民医院
2026-03-30 15:16:28,601 [INFO] [601/1143] [OK] 1.2.840.113619.186.80861568102.20240418152435407.446 -> 冷冻消融及随访/北大人民医院
2026-03-30 15:16:28,606 [INFO] [602/1143] [OK] 1.2.840.113619.186.80861568102.20250212141211257.959 -> 冷冻消融及随访/北大人民医院
2026-03-30 15:16:28,606 [INFO] [603/1143] [OK] 1.2.840.113619.186.80861568102.20250113141944246.497 -> 冷冻消融及随访/北大人民医院
2026-03-30 15:16:28,633 [INFO] [604/1143] [OK] 1.2.840.113619.186.80861568102.20251119193054181.369 -> 冷冻消融及随访/北大人民医院
2026-03-30 15:16:28,634 [INFO] [605/1143] [OK] 1.2.840.113619.186.80861568102.20250124075009170.580 -> 冷冻消融及随访/北大人民医院
2026-03-30 15:16:28,651 [INFO] [606/1143] [OK] 1.2.840.113619.186.80861568102.20241205130432686.212 -> 冷冻消融及随访/北大人民医院
2026-03-30 15:16:28,653 [INFO] [607/1143] [OK] 1.2.156.14702.1.1015.124.0.20241106144646145 -> 冷冻消融及随访/北大人民医院
2026-03-30 15:16:28,654 [INFO] [608/1143] [OK] 1.2.840.113619.186.80861568102.20241104145003626.817 -> 冷冻消融及随访/北大人民医院
2026-03-30 15:16:28,654 [INFO] [609/1143] [OK] 1.2.840.113619.186.80861568102.20250702181351374.528 -> 冷冻消融及随访/北大人民医院
2026-03-30 15:16:28,654 [INFO] [610/1143] [OK] 1.2.840.113619.186.80861568102.20250331160148252.830 -> 冷冻消融及随访/北大人民医院
2026-03-30 15:16:28,655 [INFO] [611/1143] [OK] 1.2.840.113619.186.80861568102.20241106144202045.861 -> 冷冻消融及随访/北大人民医院
2026-03-30 15:16:28,674 [INFO] [612/1143] [OK] 1.2.840.113619.186.80861568102.20250512150904646.660 -> 冷冻消融及随访/北大人民医院
2026-03-30 15:16:28,678 [INFO] [613/1143] [OK] 1.2.840.113619.186.80861568102.20241106094615429.637 -> 冷冻消融及随访/北大人民医院
2026-03-30 15:16:28,679 [INFO] [614/1143] [OK] 1.2.840.113619.186.80861568102.20240429142928696.660 -> 冷冻消融及随访/北大人民医院
2026-03-30 15:16:28,688 [INFO] [615/1143] [OK] 1.2.840.113619.186.80861568102.20230228130709259.262 -> 冷冻消融及随访/北大人民医院
2026-03-30 15:16:28,689 [INFO] [616/1143] [OK] 1.2.840.113619.186.80861568102.20250512131257052.808 -> 冷冻消融及随访/北大人民医院
2026-03-30 15:16:28,715 [INFO] [617/1143] [OK] 1.2.840.113619.186.80861568102.20250317130121746.943 -> 冷冻消融及随访/北大人民医院
2026-03-30 15:16:28,718 [INFO] [618/1143] [OK] 1.2.840.113619.186.80861568102.20250509131452794.425 -> 冷冻消融及随访/北大人民医院
2026-03-30 15:16:28,719 [INFO] [619/1143] [OK] 1.2.840.113619.186.80861568102.20250630133153680.834 -> 冷冻消融及随访/北大人民医院
2026-03-30 15:16:28,719 [INFO] [620/1143] [OK] 1.2.156.14702.1.1015.124.0.20230411123539970 -> 冷冻消融及随访/北大人民医院
2026-03-30 15:16:28,719 [INFO] [621/1143] [OK] 1.2.840.113619.186.80861568102.20250802082916379.926 -> 冷冻消融及随访/北大人民医院
2026-03-30 15:16:28,720 [INFO] [622/1143] [OK] 1.2.840.113619.186.80861568102.20241023094017905.408 -> 冷冻消融及随访/北大人民医院
2026-03-30 15:16:28,736 [INFO] [623/1143] [OK] 1.2.840.113619.186.80861568102.20251014151430496.762 -> 冷冻消融及随访/北大人民医院
2026-03-30 15:16:28,736 [INFO] [624/1143] [OK] 1.2.840.113619.186.80861568102.20250407134032547.583 -> 冷冻消融及随访/北大人民医院
2026-03-30 15:16:28,748 [INFO] [625/1143] [OK] 1.2.840.113619.186.80861568102.20250204102832730.848 -> 冷冻消融及随访/北大人民医院
2026-03-30 15:16:28,751 [INFO] [626/1143] [OK] 1.2.840.113619.186.80861568102.20250417143025040.308 -> 冷冻消融及随访/北大人民医院
2026-03-30 15:16:28,776 [INFO] [627/1143] [OK] 1.2.840.113619.186.80861568102.20241215085405564.354 -> 冷冻消融及随访/北大人民医院
2026-03-30 15:16:28,777 [INFO] [628/1143] [OK] 1.2.840.113619.186.80861568102.20241113162931382.854 -> 冷冻消融及随访/北大人民医院
2026-03-30 15:16:28,781 [INFO] [629/1143] [OK] 1.2.840.113619.186.80861568102.20250724102028708.484 -> 冷冻消融及随访/北大人民医院
2026-03-30 15:16:28,787 [INFO] [630/1143] [OK] 1.2.840.113619.186.80861568102.20250818164227578.627 -> 冷冻消融及随访/北大人民医院
2026-03-30 15:16:28,788 [INFO] [631/1143] [OK] 1.2.840.113619.186.80861568102.20250926075854243.786 -> 冷冻消融及随访/北大人民医院
2026-03-30 15:16:28,791 [INFO] [632/1143] [OK] 1.2.840.113619.186.80861568102.20241028100718369.933 -> 冷冻消融及随访/北大人民医院
2026-03-30 15:16:28,796 [INFO] [633/1143] [OK] 1.2.840.113619.186.80861568102.20250120100759625.228 -> 冷冻消融及随访/北大人民医院
2026-03-30 15:16:28,801 [INFO] [634/1143] [OK] 1.2.840.113619.186.80861568102.20240925134938206.789 -> 冷冻消融及随访/北大人民医院
2026-03-30 15:16:28,810 [INFO] [635/1143] [OK] 1.2.840.113619.186.80861568102.20251028103156442.542 -> 冷冻消融及随访/北大人民医院
2026-03-30 15:16:28,820 [INFO] [636/1143] [OK] 1.2.840.113619.2.476.228033615733107160635189850441158021401 -> 冷冻消融及随访/北大人民医院
2026-03-30 15:16:28,820 [INFO] [637/1143] [OK] 1.2.840.113619.186.80861568102.20250224130302134.757 -> 冷冻消融及随访/北大人民医院
2026-03-30 15:16:28,828 [INFO] [638/1143] [OK] 1.2.840.113619.186.80861568102.20241010100340398.161 -> 冷冻消融及随访/北大人民医院
2026-03-30 15:16:28,828 [INFO] [639/1143] [OK] 1.2.840.113619.186.80861568102.20240318133116612.391 -> 冷冻消融及随访/北大人民医院
2026-03-30 15:16:28,848 [INFO] [640/1143] [OK] 1.2.840.113619.2.416.54705513588018662759021709029087390622 -> 冷冻消融及随访/北大人民医院
2026-03-30 15:16:28,850 [INFO] [641/1143] [OK] 1.2.840.113619.186.80861568102.20240823100320109.544 -> 冷冻消融及随访/北大人民医院
2026-03-30 15:16:28,851 [INFO] [642/1143] [OK] 1.2.840.113619.186.80861568102.20251224105454000.158 -> 冷冻消融及随访/北大人民医院
2026-03-30 15:16:28,851 [INFO] [643/1143] [OK] 1.2.840.113619.186.80861568102.20250420202100629.554 -> 冷冻消融及随访/北大人民医院
2026-03-30 15:16:28,852 [INFO] [644/1143] [OK] 1.2.840.113619.186.80861568102.20240307110636029.455 -> 冷冻消融及随访/北大人民医院
2026-03-30 15:16:28,852 [INFO] [645/1143] [OK] 1.2.840.113619.186.80861568102.20251013153537478.671 -> 冷冻消融及随访/北大人民医院
2026-03-30 15:16:28,859 [INFO] [646/1143] [OK] 1.2.840.113619.186.80861568102.20241230173624977.586 -> 冷冻消融及随访/北大人民医院
2026-03-30 15:16:28,868 [INFO] [647/1143] [OK] 1.2.840.113619.186.80861568102.20251015144018676.252 -> 冷冻消融及随访/北大人民医院
2026-03-30 15:16:28,875 [INFO] [648/1143] [OK] 1.2.840.113619.2.416.82283777338331888000139911616269471096 -> 冷冻消融及随访/北大人民医院
2026-03-30 15:16:28,880 [INFO] [649/1143] [OK] 1.2.840.113619.186.80861568102.20250523153219857.181 -> 冷冻消融及随访/北大人民医院
2026-03-30 15:16:28,883 [INFO] [650/1143] [OK] 1.2.840.113619.186.80861568102.20250925154830159.288 -> 冷冻消融及随访/北大人民医院
2026-03-30 15:16:28,883 [INFO] [651/1143] [OK] 1.2.840.113619.186.80861568102.20241230192216363.755 -> 冷冻消融及随访/北大人民医院
2026-03-30 15:16:28,896 [INFO] [652/1143] [OK] 1.2.840.113619.186.80861568102.20250331173545373.420 -> 冷冻消融及随访/北大人民医院
2026-03-30 15:16:28,897 [INFO] [653/1143] [OK] 1.2.840.113619.186.80861568102.20250331160545882.989 -> 冷冻消融及随访/北大人民医院
2026-03-30 15:16:28,903 [INFO] [654/1143] [OK] 1.2.840.113619.186.80861568102.20250601155045145.215 -> 冷冻消融及随访/北大人民医院
2026-03-30 15:16:28,912 [INFO] [655/1143] [OK] 1.2.840.113619.186.80861568102.20241111154256602.511 -> 冷冻消融及随访/北大人民医院
2026-03-30 15:16:28,914 [INFO] [656/1143] [OK] 1.2.840.113619.186.80861568102.20250618132518294.150 -> 冷冻消融及随访/北大人民医院
2026-03-30 15:16:28,917 [INFO] [657/1143] [OK] 1.2.840.113619.186.80861568102.20240311145512426.105 -> 冷冻消融及随访/北大人民医院
2026-03-30 15:16:28,925 [INFO] [658/1143] [OK] 1.2.840.113619.186.80861568102.20240918141723251.586 -> 冷冻消融及随访/北大人民医院
2026-03-30 15:16:28,938 [INFO] [659/1143] [OK] 1.2.840.113619.2.416.320101773552458652146450339528948192378 -> 冷冻消融及随访/北大人民医院
2026-03-30 15:16:28,938 [INFO] [660/1143] [OK] 1.2.840.113619.186.80861568102.20240822154107976.919 -> 冷冻消融及随访/北大人民医院
2026-03-30 15:16:28,957 [INFO] [661/1143] [OK] 1.2.840.113619.186.80861568102.20250311145431657.706 -> 冷冻消融及随访/北大人民医院
2026-03-30 15:16:28,959 [INFO] [662/1143] [OK] 1.2.840.113619.186.80861568102.20240310134613183.465 -> 冷冻消融及随访/北大人民医院
2026-03-30 15:16:28,959 [INFO] [663/1143] [OK] 1.2.840.113619.186.80861568102.20241015144213755.967 -> 冷冻消融及随访/北大人民医院
2026-03-30 15:16:28,960 [INFO] [664/1143] [OK] 1.2.840.113619.186.80861568102.20250326130312871.833 -> 冷冻消融及随访/北大人民医院
2026-03-30 15:16:28,960 [INFO] [665/1143] [OK] 1.2.840.113619.186.80861568102.20250226141935653.620 -> 冷冻消融及随访/北大人民医院
2026-03-30 15:16:28,969 [INFO] [666/1143] [OK] 1.2.840.113619.186.80861568102.20240920000922391.244 -> 冷冻消融及随访/北大人民医院
2026-03-30 15:16:28,986 [INFO] [667/1143] [OK] 1.2.840.113619.186.80861568102.20250820094910781.445 -> 冷冻消融及随访/北大人民医院
2026-03-30 15:16:28,986 [INFO] [668/1143] [OK] 1.2.840.113619.2.476.33043361805683093543209978659084741234 -> 冷冻消融及随访/北大人民医院
2026-03-30 15:16:28,986 [INFO] [669/1143] [OK] 1.2.840.113619.2.476.332109722537050248544555668947296819558 -> 冷冻消融及随访/北大人民医院
2026-03-30 15:16:28,987 [INFO] [670/1143] [OK] 1.2.840.113619.186.80861568102.20250319133712896.812 -> 冷冻消融及随访/北大人民医院
2026-03-30 15:16:28,991 [INFO] [671/1143] [OK] 1.2.840.113619.2.476.172677243050962572873200676161116182227 -> 冷冻消融及随访/北大人民医院
2026-03-30 15:16:28,996 [INFO] [672/1143] [OK] 1.2.840.113619.2.416.235302232373489919262762955415655146876 -> 冷冻消融及随访/北大人民医院
2026-03-30 15:16:29,018 [INFO] [673/1143] [OK] 1.2.840.113619.186.80861568102.20240106134907575.605 -> 冷冻消融及随访/北大人民医院
2026-03-30 15:16:29,020 [INFO] [674/1143] [OK] 1.2.840.113619.2.472.3.1124731650.512.1745469162.753 -> 冷冻消融及随访/北大人民医院
2026-03-30 15:16:29,028 [INFO] [675/1143] [OK] 1.2.840.113619.186.80861568102.20240624123438545.356 -> 冷冻消融及随访/北大人民医院
2026-03-30 15:16:29,029 [INFO] [676/1143] [OK] 1.2.840.113619.186.80861568102.20240727170000577.942 -> 冷冻消融及随访/北大人民医院
2026-03-30 15:16:29,031 [INFO] [677/1143] [OK] 1.2.840.113619.2.416.162564290616043508617444697305185001619 -> 冷冻消融及随访/北大人民医院
2026-03-30 15:16:29,032 [INFO] [678/1143] [OK] 1.2.840.113619.186.80861568102.20250403164430659.540 -> 冷冻消融及随访/北大人民医院
2026-03-30 15:16:29,047 [INFO] [679/1143] [OK] 1.2.840.113619.186.80861568102.20241120164328195.799 -> 冷冻消融及随访/北大人民医院
2026-03-30 15:16:49,990 [INFO] [680/1143] [SKIP] 1.2.840.113619.186.80861568102.20250514153425432.135 (未找到标签 77771027)
2026-03-30 15:16:50,085 [INFO] [681/1143] [SKIP] 1.2.840.113619.186.80861568102.20240306121706924.743 (未找到标签 77771027)
2026-03-30 15:16:59,066 [INFO] [682/1143] [SKIP] 1.2.840.113619.2.416.186818029232824613569279666122168205502 (未找到标签 77771027)
2026-03-30 15:16:59,066 [INFO] [683/1143] [SKIP] 1.2.156.14702.1.1015.124.0.20240306200523437 (未找到标签 77771027)
2026-03-30 15:16:59,066 [INFO] [684/1143] [SKIP] 1.2.840.113619.186.80861568102.20241204201753249.949 (未找到标签 77771027)
2026-03-30 15:16:59,081 [INFO] [685/1143] [SKIP] 1.2.840.113619.186.80861568102.20240117120414373.990 (未找到标签 77771027)
2026-03-30 15:16:59,081 [ERROR] [686/1143] [FAIL] 1.2.840.113619.186.80861568102.20240110123025586.493 更新失败 (标签值: 冷冻消融及随访/北大人民医院)
2026-03-30 15:16:59,081 [ERROR] [687/1143] [FAIL] 1.2.840.113619.186.80861568102.20240108144642929.761 更新失败 (标签值: 冷冻消融及随访/北大人民医院)
2026-03-30 15:17:00,148 [INFO] [688/1143] [OK] 1.2.840.113619.186.80861568102.20240114140049606.486 -> 冷冻消融及随访/北大人民医院
2026-03-30 15:17:00,148 [INFO] [689/1143] [OK] 1.2.840.113619.186.80861568102.20241231093712761.499 -> 冷冻消融及随访/北大人民医院
2026-03-30 15:17:00,149 [INFO] [690/1143] [OK] 1.2.840.113619.186.80861568102.20241111152924531.996 -> 冷冻消融及随访/北大人民医院
2026-03-30 15:17:00,152 [INFO] [691/1143] [OK] 1.2.840.113619.186.80861568102.20250717133339753.227 -> 冷冻消融及随访/北大人民医院
2026-03-30 15:17:00,164 [INFO] [692/1143] [OK] 1.2.840.113619.186.80861568102.20240116145708153.485 -> 冷冻消融及随访/北大人民医院
2026-03-30 15:17:00,164 [INFO] [693/1143] [OK] 1.2.840.113619.186.80861568102.20240228172346778.941 -> 冷冻消融及随访/北大人民医院
2026-03-30 15:17:00,164 [INFO] [694/1143] [OK] 1.2.840.113619.186.80861568102.20240307171141361.157 -> 冷冻消融及随访/北大人民医院
2026-03-30 15:17:00,184 [INFO] [695/1143] [OK] 1.2.840.113619.186.80861568102.20241109134614400.384 -> 冷冻消融及随访/北大人民医院
2026-03-30 15:17:00,185 [INFO] [696/1143] [OK] 1.2.840.113619.186.80861568102.20240524101758090.555 -> 冷冻消融及随访/北大人民医院
2026-03-30 15:17:00,194 [INFO] [697/1143] [OK] 1.2.840.113619.186.80861568102.20240425130226432.666 -> 冷冻消融及随访/北大人民医院
2026-03-30 15:17:00,199 [INFO] [698/1143] [OK] 1.2.840.113619.186.80861568102.20240226103611892.418 -> 冷冻消融及随访/北大人民医院
2026-03-30 15:17:00,200 [INFO] [699/1143] [OK] 1.2.840.113619.186.80861568102.20240620083118495.234 -> 冷冻消融及随访/北大人民医院
2026-03-30 15:17:00,201 [INFO] [700/1143] [OK] 1.2.840.113619.186.80861568102.20250806135807098.819 -> 冷冻消融及随访/北大人民医院
2026-03-30 15:17:00,206 [INFO] [701/1143] [OK] 1.2.840.113619.186.80861568102.20240726144116877.854 -> 冷冻消融及随访/北大人民医院
2026-03-30 15:17:00,207 [INFO] [702/1143] [OK] 1.2.840.113619.186.80861568102.20240628150932258.142 -> 冷冻消融及随访/北大人民医院
2026-03-30 15:17:00,231 [INFO] [703/1143] [OK] 1.2.840.113619.186.80861568102.20250730094733214.253 -> 冷冻消融及随访/北大人民医院
2026-03-30 15:17:00,232 [INFO] [704/1143] [OK] 1.2.840.113619.186.80861568102.20250913111649417.107 -> 冷冻消融及随访/北大人民医院
2026-03-30 15:17:00,247 [INFO] [705/1143] [OK] 1.2.840.113619.186.80861568102.20250402163820885.235 -> 冷冻消融及随访/北大人民医院
2026-03-30 15:17:00,252 [INFO] [706/1143] [OK] 1.2.840.113619.2.476.53471304577203023080982674684711345376 -> 冷冻消融及随访/北大人民医院
2026-03-30 15:17:00,252 [INFO] [707/1143] [OK] 1.2.840.113619.186.80861568102.20240327170848666.746 -> 冷冻消融及随访/北大人民医院
2026-03-30 15:17:00,254 [INFO] [708/1143] [OK] 1.2.840.113619.2.472.3.1124731650.785.1718875311.410 -> 冷冻消融及随访/北大人民医院
2026-03-30 15:17:00,254 [INFO] [709/1143] [OK] 1.2.840.113619.186.80861568102.20240328142743348.688 -> 冷冻消融及随访/北大人民医院
2026-03-30 15:17:00,259 [INFO] [710/1143] [OK] 1.2.840.113619.186.80861568102.20240331142527767.385 -> 冷冻消融及随访/北大人民医院
2026-03-30 15:17:00,271 [INFO] [711/1143] [OK] 1.2.840.113619.186.80861568102.20250103105429706.279 -> 冷冻消融及随访/北大人民医院
2026-03-30 15:17:00,273 [INFO] [712/1143] [OK] 1.2.840.113619.186.80861568102.20240509154659822.586 -> 冷冻消融及随访/北大人民医院
2026-03-30 15:17:00,273 [INFO] [713/1143] [OK] 1.2.840.113619.186.80861568102.20240325145944081.255 -> 冷冻消融及随访/北大人民医院
2026-03-30 15:17:00,275 [INFO] [714/1143] [OK] 1.2.840.113619.186.80861568102.20241009160923548.729 -> 冷冻消融及随访/北大人民医院
2026-03-30 15:17:00,285 [INFO] [715/1143] [OK] 1.2.840.113619.186.80861568102.20250627095642520.122 -> 冷冻消融及随访/北大人民医院
2026-03-30 15:17:00,306 [INFO] [716/1143] [OK] 1.2.840.113619.186.80861568102.20240506120739823.401 -> 冷冻消融及随访/北大人民医院
2026-03-30 15:17:00,319 [INFO] [717/1143] [OK] 1.2.840.113619.186.80861568102.20250512162733532.625 -> 冷冻消融及随访/北大人民医院
2026-03-30 15:17:00,320 [INFO] [718/1143] [OK] 1.2.840.113619.186.80861568102.20240321103435772.932 -> 冷冻消融及随访/北大人民医院
2026-03-30 15:17:00,320 [INFO] [719/1143] [OK] 1.2.840.113619.186.80861568102.20240403162838636.659 -> 冷冻消融及随访/北大人民医院
2026-03-30 15:17:00,321 [INFO] [720/1143] [OK] 1.2.840.113619.186.80861568102.20241012082538354.280 -> 冷冻消融及随访/北大人民医院
2026-03-30 15:17:00,323 [INFO] [721/1143] [OK] 1.2.840.113619.186.80861568102.20241115184041242.945 -> 冷冻消融及随访/北大人民医院
2026-03-30 15:17:00,329 [INFO] [722/1143] [OK] 1.2.840.113619.186.80861568102.20251111185852103.271 -> 冷冻消融及随访/北大人民医院
2026-03-30 15:17:00,353 [INFO] [723/1143] [OK] 1.2.840.113619.186.80861568102.20250329101702706.840 -> 冷冻消融及随访/北大人民医院
2026-03-30 15:17:00,363 [INFO] [724/1143] [OK] 1.2.840.113619.186.80861568102.20250116150111061.116 -> 冷冻消融及随访/北大人民医院
2026-03-30 15:17:00,363 [INFO] [725/1143] [OK] 1.2.840.113619.2.416.52149833349931020934119618728044575351 -> 冷冻消融及随访/北大人民医院
2026-03-30 15:17:00,363 [INFO] [726/1143] [OK] 1.2.840.113619.186.80861568102.20240402161654355.314 -> 冷冻消融及随访/北大人民医院
2026-03-30 15:17:00,364 [INFO] [727/1143] [OK] 1.2.840.113619.186.80861568102.20241202130025409.268 -> 冷冻消融及随访/北大人民医院
2026-03-30 15:17:00,380 [INFO] [728/1143] [OK] 1.2.840.113619.186.80861568102.20251004081206524.151 -> 冷冻消融及随访/北大人民医院
2026-03-30 15:17:00,381 [INFO] [729/1143] [OK] 1.2.840.113619.2.416.77144273546816837076805503420875704613 -> 冷冻消融及随访/北大人民医院
2026-03-30 15:17:00,381 [INFO] [730/1143] [OK] 1.2.840.113619.186.80861568102.20241120141402233.329 -> 冷冻消融及随访/北大人民医院
2026-03-30 15:17:00,397 [INFO] [731/1143] [OK] 1.2.840.113619.186.80861568102.20250124150130382.286 -> 冷冻消融及随访/北大人民医院
2026-03-30 15:17:00,408 [INFO] [732/1143] [OK] 1.2.840.113619.186.80861568102.20250420131158950.772 -> 冷冻消融及随访/北大人民医院
2026-03-30 15:17:00,410 [INFO] [733/1143] [OK] 1.2.840.113619.186.80861568102.20250525132017422.108 -> 冷冻消融及随访/北大人民医院
2026-03-30 15:17:00,412 [INFO] [734/1143] [OK] 1.2.840.113619.186.80861568102.20250324105529963.882 -> 冷冻消融及随访/北大人民医院
2026-03-30 15:17:00,417 [INFO] [735/1143] [OK] 1.2.840.113619.186.80861568102.20250811083709936.325 -> 冷冻消融及随访/北大人民医院
2026-03-30 15:17:00,417 [INFO] [736/1143] [OK] 1.2.840.113619.186.80861568102.20250623165223302.791 -> 冷冻消融及随访/北大人民医院
2026-03-30 15:17:00,419 [INFO] [737/1143] [OK] 1.2.840.113619.186.80861568102.20250716103314089.299 -> 冷冻消融及随访/北大人民医院
2026-03-30 15:17:00,445 [INFO] [738/1143] [OK] 1.2.840.113619.186.80861568102.20250905150642926.315 -> 冷冻消融及随访/北大人民医院
2026-03-30 15:17:00,456 [INFO] [739/1143] [OK] 1.2.840.113619.186.80861568102.20250927091120639.531 -> 冷冻消融及随访/北大人民医院
2026-03-30 15:17:00,460 [INFO] [740/1143] [OK] 1.2.840.113619.186.80861568102.20240415142336449.287 -> 冷冻消融及随访/北大人民医院
2026-03-30 15:17:00,462 [INFO] [741/1143] [OK] 1.2.840.113619.186.80861568102.20251224152811439.525 -> 冷冻消融及随访/北大人民医院
2026-03-30 15:17:00,462 [INFO] [742/1143] [OK] 1.2.840.113619.186.80861568102.20251023161336738.760 -> 冷冻消融及随访/北大人民医院
2026-03-30 15:17:00,463 [INFO] [743/1143] [OK] 1.2.840.113619.186.80861568102.20251121152207898.656 -> 冷冻消融及随访/北大人民医院
2026-03-30 15:17:21,435 [INFO] [744/1143] [SKIP] 1.2.840.113619.186.80861568102.20250220103702899.962 (未找到标签 77771027)
2026-03-30 15:17:21,497 [INFO] [745/1143] [SKIP] 1.2.840.113619.186.80861568102.20240417151710342.310 (未找到标签 77771027)
2026-03-30 15:17:21,512 [INFO] [746/1143] [SKIP] 1.2.840.113619.186.80861568102.20240416155755182.296 (未找到标签 77771027)
2026-03-30 15:17:30,479 [ERROR] [747/1143] [FAIL] 1.2.840.113619.186.80861568102.20240415142244765.248 更新失败 (标签值: 冷冻消融及随访/北大人民医院)
2026-03-30 15:17:31,480 [INFO] [748/1143] [SKIP] 1.2.840.113619.186.80861568102.20240422133950497.753 (未找到标签 77771027)
2026-03-30 15:17:31,483 [ERROR] [749/1143] [FAIL] 1.2.840.113619.186.80861568102.20240414134111882.262 更新失败 (标签值: 冷冻消融及随访/北大人民医院)
2026-03-30 15:17:31,484 [INFO] [750/1143] [SKIP] 1.2.840.113619.186.80861568102.20240414134141181.496 (未找到标签 77771027)
2026-03-30 15:17:31,485 [INFO] [751/1143] [SKIP] 1.2.156.14702.1.1015.124.0.20240422165017012 (未找到标签 77771027)
2026-03-30 15:17:31,612 [INFO] [752/1143] [OK] 1.2.840.113619.186.80861568102.20240625082602961.672 -> 冷冻消融及随访/北大人民医院
2026-03-30 15:17:31,617 [INFO] [753/1143] [OK] 1.2.840.113619.186.80861568102.20250205195541702.216 -> 冷冻消融及随访/北大人民医院
2026-03-30 15:17:31,618 [INFO] [754/1143] [OK] 1.2.840.113619.186.80861568102.20240417102430617.739 -> 冷冻消融及随访/北大人民医院
2026-03-30 15:17:31,625 [INFO] [755/1143] [OK] 1.2.840.113619.2.416.73263574426888851406138854340955572121 -> 冷冻消融及随访/北大人民医院
2026-03-30 15:17:31,626 [INFO] [756/1143] [OK] 1.2.840.113619.186.80861568102.20240725130954646.736 -> 冷冻消融及随访/北大人民医院
2026-03-30 15:17:31,628 [INFO] [757/1143] [OK] 1.2.840.113619.186.80861568102.20250410141943327.869 -> 冷冻消融及随访/北大人民医院
2026-03-30 15:17:31,628 [INFO] [758/1143] [OK] 1.2.840.113619.186.80861568102.20240701181216261.662 -> 冷冻消融及随访/北大人民医院
2026-03-30 15:17:31,643 [INFO] [759/1143] [OK] 1.2.840.113619.186.80861568102.20241015111244207.392 -> 冷冻消融及随访/北大人民医院
2026-03-30 15:17:31,643 [INFO] [760/1143] [OK] 1.2.840.113619.186.80861568102.20251120153319386.747 -> 冷冻消融及随访/北大人民医院
2026-03-30 15:17:31,669 [INFO] [761/1143] [OK] 1.2.840.113619.186.80861568102.20250526123223940.866 -> 冷冻消融及随访/北大人民医院
2026-03-30 15:17:31,670 [INFO] [762/1143] [OK] 1.2.840.113619.186.80861568102.20250728165104478.861 -> 冷冻消融及随访/北大人民医院
2026-03-30 15:17:31,671 [INFO] [763/1143] [OK] 1.2.840.113619.186.80861568102.20240624123456060.269 -> 冷冻消融及随访/北大人民医院
2026-03-30 15:17:31,671 [INFO] [764/1143] [OK] 1.2.840.113619.186.80861568102.20250613163133143.852 -> 冷冻消融及随访/北大人民医院
2026-03-30 15:17:31,683 [INFO] [765/1143] [OK] 1.2.840.113619.186.80861568102.20250422191403190.438 -> 冷冻消融及随访/北大人民医院
2026-03-30 15:17:31,685 [INFO] [766/1143] [OK] 1.2.840.113619.2.416.319069597061213476838253662424905538466 -> 冷冻消融及随访/北大人民医院
2026-03-30 15:17:31,694 [INFO] [767/1143] [OK] 1.2.840.113619.186.80861568102.20250913100338563.257 -> 冷冻消融及随访/北大人民医院
2026-03-30 15:17:31,701 [INFO] [768/1143] [OK] 1.2.840.113619.186.80861568102.20240814155119579.629 -> 冷冻消融及随访/北大人民医院
2026-03-30 15:17:31,702 [INFO] [769/1143] [OK] 1.2.840.113619.186.80861568102.20250929144340686.231 -> 冷冻消融及随访/北大人民医院
2026-03-30 15:17:31,726 [INFO] [770/1143] [OK] 1.2.840.113619.186.80861568102.20240708124259608.634 -> 冷冻消融及随访/北大人民医院
2026-03-30 15:17:31,730 [INFO] [771/1143] [OK] 1.2.840.113619.186.80861568102.20250327155328438.133 -> 冷冻消融及随访/北大人民医院
2026-03-30 15:17:31,730 [INFO] [772/1143] [OK] 1.2.840.113619.186.80861568102.20240515144942251.223 -> 冷冻消融及随访/北大人民医院
2026-03-30 15:17:31,737 [INFO] [773/1143] [OK] 1.2.840.113619.2.416.160440100982106276568958445201154250952 -> 冷冻消融及随访/北大人民医院
2026-03-30 15:17:31,739 [INFO] [774/1143] [OK] 1.2.840.113619.186.80861568102.20250904105158030.392 -> 冷冻消融及随访/北大人民医院
2026-03-30 15:17:31,748 [INFO] [775/1143] [OK] 1.2.840.113619.2.416.169250823096840065524799247159526143448 -> 冷冻消融及随访/北大人民医院
2026-03-30 15:17:31,772 [INFO] [776/1143] [OK] 1.2.840.113619.186.80861568102.20240520151411344.323 -> 冷冻消融及随访/北大人民医院
2026-03-30 15:17:31,774 [INFO] [777/1143] [OK] 1.2.840.113619.186.80861568102.20240514160629725.412 -> 冷冻消融及随访/北大人民医院
2026-03-30 15:17:31,776 [INFO] [778/1143] [OK] 1.2.840.113619.186.80861568102.20240603141009461.841 -> 冷冻消融及随访/北大人民医院
2026-03-30 15:17:31,791 [INFO] [779/1143] [OK] 1.2.840.113619.186.80861568102.20240520102158832.296 -> 冷冻消融及随访/北大人民医院
2026-03-30 15:17:31,796 [INFO] [780/1143] [OK] 1.2.840.113619.2.416.135696507035217292654727884089724135523 -> 冷冻消融及随访/北大人民医院
2026-03-30 15:17:31,798 [INFO] [781/1143] [OK] 1.2.840.113619.186.80861568102.20240527130843618.337 -> 冷冻消融及随访/北大人民医院
2026-03-30 15:17:31,801 [INFO] [782/1143] [OK] 1.2.840.113619.186.80861568102.20240519130624721.666 -> 冷冻消融及随访/北大人民医院
2026-03-30 15:17:31,801 [INFO] [783/1143] [OK] 1.2.840.113619.2.416.39609000882268506669484308082480034906 -> 冷冻消融及随访/北大人民医院
2026-03-30 15:17:31,805 [INFO] [784/1143] [OK] 1.2.840.113619.186.80861568102.20240522142337126.450 -> 冷冻消融及随访/北大人民医院
2026-03-30 15:17:31,814 [INFO] [785/1143] [OK] 1.2.840.113619.186.80861568102.20240904100941552.482 -> 冷冻消融及随访/北大人民医院
2026-03-30 15:17:31,838 [INFO] [786/1143] [OK] 1.2.840.113619.186.80861568102.20250416164741215.851 -> 冷冻消融及随访/北大人民医院
2026-03-30 15:17:31,839 [INFO] [787/1143] [OK] 1.2.840.113619.2.472.3.1124731650.330.1718441537.69 -> 冷冻消融及随访/北大人民医院
2026-03-30 15:17:31,855 [INFO] [788/1143] [OK] 1.2.840.113619.2.472.3.1124731650.747.1747007066.590 -> 冷冻消融及随访/北大人民医院
2026-03-30 15:17:31,856 [INFO] [789/1143] [OK] 1.2.840.113619.186.80861568102.20240522162207934.856 -> 冷冻消融及随访/北大人民医院
2026-03-30 15:17:31,856 [INFO] [790/1143] [OK] 1.2.840.113619.186.80861568102.20240717100356543.859 -> 冷冻消融及随访/北大人民医院
2026-03-30 15:17:31,859 [INFO] [791/1143] [OK] 1.2.840.113619.186.80861568102.20240521153906885.610 -> 冷冻消融及随访/北大人民医院
2026-03-30 15:17:31,865 [INFO] [792/1143] [OK] 1.2.840.113619.186.80861568102.20240605170425072.619 -> 冷冻消融及随访/北大人民医院
2026-03-30 15:17:31,865 [INFO] [793/1143] [OK] 1.2.840.113619.186.80861568102.20250415131902571.947 -> 冷冻消融及随访/北大人民医院
2026-03-30 15:17:31,872 [INFO] [794/1143] [OK] 1.2.840.113619.186.80861568102.20240925184049521.922 -> 冷冻消融及随访/北大人民医院
2026-03-30 15:17:31,882 [INFO] [795/1143] [OK] 1.2.840.113619.186.80861568102.20240605150446310.423 -> 冷冻消融及随访/北大人民医院
2026-03-30 15:17:31,887 [INFO] [796/1143] [OK] 1.2.840.113619.2.416.54193311216285969533481003030649752479 -> 冷冻消融及随访/北大人民医院
2026-03-30 15:17:31,888 [INFO] [797/1143] [OK] 1.2.840.113619.186.80861568102.20240612141448632.370 -> 冷冻消融及随访/北大人民医院
2026-03-30 15:17:31,888 [INFO] [798/1143] [OK] 1.2.840.113619.186.80861568102.20240708165733604.353 -> 冷冻消融及随访/北大人民医院
2026-03-30 15:17:31,907 [INFO] [799/1143] [OK] 1.2.840.113619.186.80861568102.20250720102132732.985 -> 冷冻消融及随访/北大人民医院
2026-03-30 15:17:31,921 [INFO] [800/1143] [OK] 1.2.840.113619.186.80861568102.20240821180251866.291 -> 冷冻消融及随访/北大人民医院
2026-03-30 15:17:31,923 [INFO] [801/1143] [OK] 1.2.840.113619.2.416.76523262022806963012099523922544016335 -> 冷冻消融及随访/北大人民医院
2026-03-30 15:17:31,935 [INFO] [802/1143] [OK] 1.2.840.113619.186.80861568102.20241104190002406.517 -> 冷冻消融及随访/北大人民医院
2026-03-30 15:17:31,937 [INFO] [803/1143] [OK] 1.2.840.113619.186.80861568102.20240610130517994.812 -> 冷冻消融及随访/北大人民医院
2026-03-30 15:17:31,937 [INFO] [804/1143] [OK] 1.2.840.113619.186.80861568102.20240827180214835.964 -> 冷冻消融及随访/北大人民医院
2026-03-30 15:17:31,938 [INFO] [805/1143] [OK] 1.2.840.113619.186.80861568102.20240724171546097.718 -> 冷冻消融及随访/北大人民医院
2026-03-30 15:17:31,942 [INFO] [806/1143] [OK] 1.2.840.113619.186.80861568102.20240619130431159.833 -> 冷冻消融及随访/北大人民医院
2026-03-30 15:17:31,948 [INFO] [807/1143] [OK] 1.2.840.113619.186.80861568102.20250517113229945.393 -> 冷冻消融及随访/北大人民医院
2026-03-30 15:17:31,965 [INFO] [808/1143] [OK] 1.2.840.113619.186.80861568102.20240702155616083.200 -> 冷冻消融及随访/北大人民医院
2026-03-30 15:17:31,967 [INFO] [809/1143] [OK] 1.2.840.113619.186.80861568102.20240618100759344.628 -> 冷冻消融及随访/北大人民医院
2026-03-30 15:17:31,967 [INFO] [810/1143] [OK] 1.2.840.113619.186.80861568102.20241024083137830.603 -> 冷冻消融及随访/北大人民医院
2026-03-30 15:17:31,981 [INFO] [811/1143] [OK] 1.2.840.113619.186.80861568102.20240926153454243.964 -> 冷冻消融及随访/北大人民医院
2026-03-30 15:17:31,981 [INFO] [812/1143] [OK] 1.2.840.113619.186.80861568102.20240717080507802.965 -> 冷冻消融及随访/北大人民医院
2026-03-30 15:17:31,981 [INFO] [813/1143] [OK] 1.2.840.113619.186.80861568102.20240828135344705.315 -> 冷冻消融及随访/北大人民医院
2026-03-30 15:17:32,002 [INFO] [814/1143] [OK] 1.2.840.113619.186.80861568102.20240703151228809.293 -> 冷冻消融及随访/北大人民医院
2026-03-30 15:17:32,003 [INFO] [815/1143] [OK] 1.2.840.113619.186.80861568102.20240918144048744.719 -> 冷冻消融及随访/北大人民医院
2026-03-30 15:17:32,011 [INFO] [816/1143] [OK] 1.2.840.113619.186.80861568102.20240625161018751.674 -> 冷冻消融及随访/北大人民医院
2026-03-30 15:17:32,011 [INFO] [817/1143] [OK] 1.2.840.113619.186.80861568102.20240701155852219.655 -> 冷冻消融及随访/北大人民医院
2026-03-30 15:17:32,016 [INFO] [818/1143] [OK] 1.2.840.113619.186.80861568102.20240801091328863.911 -> 冷冻消融及随访/北大人民医院
2026-03-30 15:17:32,021 [INFO] [819/1143] [OK] 1.2.840.113619.186.80861568102.20240626165350280.847 -> 冷冻消融及随访/北大人民医院
2026-03-30 15:17:32,021 [INFO] [820/1143] [OK] 1.2.840.113619.186.80861568102.20240703162455723.833 -> 冷冻消融及随访/北大人民医院
2026-03-30 15:17:32,025 [INFO] [821/1143] [OK] 1.2.840.113619.186.80861568102.20240808145122310.970 -> 冷冻消融及随访/北大人民医院
2026-03-30 15:17:32,036 [INFO] [822/1143] [OK] 1.2.840.113619.186.80861568102.20240701144713223.132 -> 冷冻消融及随访/北大人民医院
2026-03-30 15:17:32,040 [INFO] [823/1143] [OK] 1.2.840.113619.186.80861568102.20240911180831468.627 -> 冷冻消融及随访/北大人民医院
2026-03-30 15:17:32,050 [INFO] [824/1143] [OK] 1.2.840.113619.186.80861568102.20240911110718486.950 -> 冷冻消融及随访/北大人民医院
2026-03-30 15:17:32,051 [INFO] [825/1143] [OK] 1.2.840.113619.2.416.98930974315347824003696619559655071644 -> 冷冻消融及随访/北大人民医院
2026-03-30 15:17:32,059 [INFO] [826/1143] [OK] 1.2.840.113619.186.80861568102.20251222154529426.186 -> 冷冻消融及随访/北大人民医院
2026-03-30 15:17:32,059 [INFO] [827/1143] [OK] 1.2.840.113619.186.80861568102.20250423134608844.604 -> 冷冻消融及随访/北大人民医院
2026-03-30 15:17:32,076 [INFO] [828/1143] [OK] 1.2.840.113619.186.80861568102.20240907174922995.668 -> 冷冻消融及随访/北大人民医院
2026-03-30 15:17:32,076 [INFO] [829/1143] [OK] 1.2.840.113619.186.80861568102.20240805165307343.697 -> 冷冻消融及随访/北大人民医院
2026-03-30 15:17:32,083 [INFO] [830/1143] [OK] 1.2.840.113619.186.80861568102.20240712162521262.176 -> 冷冻消融及随访/北大人民医院
2026-03-30 15:17:32,093 [INFO] [831/1143] [OK] 1.2.840.113619.2.416.115098622270830708033572601896760038278 -> 冷冻消融及随访/北大人民医院
2026-03-30 15:17:32,094 [INFO] [832/1143] [OK] 1.2.840.113619.2.476.21028880552521582147647853929394925648 -> 冷冻消融及随访/北大人民医院
2026-03-30 15:17:32,096 [INFO] [833/1143] [OK] 1.2.840.113619.186.80861568102.20250427132219690.253 -> 冷冻消融及随访/北大人民医院
2026-03-30 15:17:32,115 [INFO] [834/1143] [OK] 1.2.840.113619.186.80861568102.20250804144513359.502 -> 冷冻消融及随访/北大人民医院
2026-03-30 15:17:32,119 [INFO] [835/1143] [OK] 1.2.840.113619.186.80861568102.20240724145704307.666 -> 冷冻消融及随访/北大人民医院
2026-03-30 15:17:32,121 [INFO] [836/1143] [OK] 1.2.840.113619.186.80861568102.20240722102403200.411 -> 冷冻消融及随访/北大人民医院
2026-03-30 15:17:32,121 [INFO] [837/1143] [OK] 1.2.840.113619.186.80861568102.20240826135237416.681 -> 冷冻消融及随访/北大人民医院
2026-03-30 15:17:32,132 [INFO] [838/1143] [OK] 1.2.840.113619.2.476.101117822167540517610692787445142320295 -> 冷冻消融及随访/北大人民医院
2026-03-30 15:17:32,138 [INFO] [839/1143] [OK] 1.2.840.113619.186.80861568102.20240903153911771.896 -> 冷冻消融及随访/北大人民医院
2026-03-30 15:17:32,147 [INFO] [840/1143] [OK] 1.2.840.113619.186.80861568102.20240731144351607.330 -> 冷冻消融及随访/北大人民医院
2026-03-30 15:17:32,147 [INFO] [841/1143] [OK] 1.2.840.113619.186.80861568102.20240723144001870.654 -> 冷冻消融及随访/北大人民医院
2026-03-30 15:17:32,151 [INFO] [842/1143] [OK] 1.2.840.113619.186.80861568102.20240904145130860.135 -> 冷冻消融及随访/北大人民医院
2026-03-30 15:17:32,154 [INFO] [843/1143] [OK] 1.2.840.113619.186.80861568102.20240807173022952.650 -> 冷冻消融及随访/北大人民医院
2026-03-30 15:17:32,159 [INFO] [844/1143] [OK] 1.2.840.113619.186.80861568102.20240806162148692.322 -> 冷冻消融及随访/北大人民医院
2026-03-30 15:17:32,168 [INFO] [845/1143] [OK] 1.2.840.113619.186.80861568102.20241014160830185.490 -> 冷冻消融及随访/北大人民医院
2026-03-30 15:17:32,174 [INFO] [846/1143] [OK] 1.2.840.113619.186.80861568102.20240903154508902.183 -> 冷冻消融及随访/北大人民医院
2026-03-30 15:17:32,181 [INFO] [847/1143] [OK] 1.2.840.113619.186.80861568102.20240730144744996.418 -> 冷冻消融及随访/北大人民医院
2026-03-30 15:17:32,182 [INFO] [848/1143] [OK] 1.2.840.113619.2.472.3.1124731650.487.1743482203.208 -> 冷冻消融及随访/北大人民医院
2026-03-30 15:17:32,187 [INFO] [849/1143] [OK] 1.2.840.113619.186.80861568102.20240812150612347.126 -> 冷冻消融及随访/北大人民医院
2026-03-30 15:17:32,187 [INFO] [850/1143] [OK] 1.2.840.113619.2.416.286381648875165216092946813500322818635 -> 冷冻消融及随访/北大人民医院
2026-03-30 15:17:32,213 [INFO] [851/1143] [OK] 1.2.840.113619.186.80861568102.20240810103632701.258 -> 冷冻消融及随访/北大人民医院
2026-03-30 15:17:32,214 [INFO] [852/1143] [OK] 1.2.840.113619.2.416.123400654397295435321691440896005876601 -> 冷冻消融及随访/北大人民医院
2026-03-30 15:17:32,215 [INFO] [853/1143] [OK] 1.2.840.113619.2.476.303224597448039197424778346786215321131 -> 冷冻消融及随访/北大人民医院
2026-03-30 15:17:32,227 [INFO] [854/1143] [OK] 1.2.840.113619.2.416.148859745672685989750553451566391260229 -> 冷冻消融及随访/北大人民医院
2026-03-30 15:17:32,230 [INFO] [855/1143] [OK] 1.2.840.113619.186.80861568102.20240918141737813.782 -> 冷冻消融及随访/北大人民医院
2026-03-30 15:17:32,241 [INFO] [856/1143] [OK] 1.2.840.113619.2.416.276630913364911777587356345128001193975 -> 冷冻消融及随访/北大人民医院
2026-03-30 15:17:32,243 [INFO] [857/1143] [OK] 1.2.840.113619.186.80861568102.20241029141038440.470 -> 冷冻消融及随访/北大人民医院
2026-03-30 15:17:32,256 [INFO] [858/1143] [OK] 1.2.840.113619.186.80861568102.20250603103628475.486 -> 冷冻消融及随访/北大人民医院
2026-03-30 15:17:32,256 [INFO] [859/1143] [OK] 1.2.840.113619.2.416.58512714946036611335880667866859500558 -> 冷冻消融及随访/北大人民医院
2026-03-30 15:17:32,257 [INFO] [860/1143] [OK] 1.2.840.113619.2.416.42993790217943971716111436316099459411 -> 冷冻消融及随访/北大人民医院
2026-03-30 15:17:32,275 [INFO] [861/1143] [OK] 1.2.840.113619.186.80861568102.20240814143648976.619 -> 冷冻消融及随访/北大人民医院
2026-03-30 15:17:32,276 [INFO] [862/1143] [OK] 1.2.840.113619.186.80861568102.20250331142646689.763 -> 冷冻消融及随访/北大人民医院
2026-03-30 15:17:32,276 [INFO] [863/1143] [OK] 1.2.840.113619.186.80861568102.20240813154147297.166 -> 冷冻消融及随访/北大人民医院
2026-03-30 15:17:32,283 [INFO] [864/1143] [OK] 1.2.840.113619.2.416.253301754386974702184534822618364554252 -> 冷冻消融及随访/北大人民医院
2026-03-30 15:17:32,304 [INFO] [865/1143] [OK] 1.2.840.113619.186.80861568102.20250623165649993.727 -> 冷冻消融及随访/北大人民医院
2026-03-30 15:17:32,305 [INFO] [866/1143] [OK] 1.2.840.113619.186.80861568102.20250517190147526.374 -> 冷冻消融及随访/北大人民医院
2026-03-30 15:17:32,306 [INFO] [867/1143] [OK] 1.2.840.113619.186.80861568102.20250625145340942.604 -> 冷冻消融及随访/北大人民医院
2026-03-30 15:17:32,306 [INFO] [868/1143] [OK] 1.2.840.113619.186.80861568102.20250331101234034.315 -> 冷冻消融及随访/北大人民医院
2026-03-30 15:17:32,306 [INFO] [869/1143] [OK] 1.2.840.113619.186.80861568102.20250514180612403.202 -> 冷冻消融及随访/北大人民医院
2026-03-30 15:17:32,315 [INFO] [870/1143] [OK] 1.2.840.113619.186.80861568102.20251227090553506.838 -> 冷冻消融及随访/北大人民医院
2026-03-30 15:17:32,315 [INFO] [871/1143] [OK] 1.2.840.113619.186.80861568102.20240918142054902.826 -> 冷冻消融及随访/北大人民医院
2026-03-30 15:17:32,328 [INFO] [872/1143] [OK] 1.2.840.113619.186.80861568102.20241218123916319.366 -> 冷冻消融及随访/北大人民医院
2026-03-30 15:17:32,336 [INFO] [873/1143] [OK] 1.2.840.113619.186.80861568102.20250624160441546.946 -> 冷冻消融及随访/北大人民医院
2026-03-30 15:17:32,343 [INFO] [874/1143] [OK] 1.2.840.113619.186.80861568102.20241218100827118.843 -> 冷冻消融及随访/北大人民医院
2026-03-30 15:17:32,344 [INFO] [875/1143] [OK] 1.2.840.113619.186.80861568102.20240913102555141.857 -> 冷冻消融及随访/北大人民医院
2026-03-30 15:17:32,345 [INFO] [876/1143] [OK] 1.2.840.113619.186.80861568102.20241212083430785.606 -> 冷冻消融及随访/北大人民医院
2026-03-30 15:17:32,345 [INFO] [877/1143] [OK] 1.2.840.113619.186.80861568102.20240910093759959.308 -> 冷冻消融及随访/北大人民医院
2026-03-30 15:17:32,360 [INFO] [878/1143] [OK] 1.2.840.113619.2.476.255372921070999441408290605811424140167 -> 冷冻消融及随访/北大人民医院
2026-03-30 15:17:32,361 [INFO] [879/1143] [OK] 1.2.840.113619.186.80861568102.20240906154611755.468 -> 冷冻消融及随访/北大人民医院
2026-03-30 15:17:32,381 [INFO] [880/1143] [OK] 1.2.840.113619.186.80861568102.20240913100358313.384 -> 冷冻消融及随访/北大人民医院
2026-03-30 15:17:32,390 [INFO] [881/1143] [OK] 1.2.840.113619.186.80861568102.20240910100324654.378 -> 冷冻消融及随访/北大人民医院
2026-03-30 15:17:32,391 [INFO] [882/1143] [OK] 1.2.840.113619.186.80861568102.20241015090009188.442 -> 冷冻消融及随访/北大人民医院
2026-03-30 15:17:32,395 [INFO] [883/1143] [OK] 1.2.840.113619.186.80861568102.20241203150205064.496 -> 冷冻消融及随访/北大人民医院
2026-03-30 15:17:32,395 [INFO] [884/1143] [OK] 1.2.840.113619.186.80861568102.20241026131816214.663 -> 冷冻消融及随访/北大人民医院
2026-03-30 15:17:32,399 [INFO] [885/1143] [OK] 1.2.840.113619.186.80861568102.20240911142107823.130 -> 冷冻消融及随访/北大人民医院
2026-03-30 15:17:32,401 [INFO] [886/1143] [OK] 1.2.840.113619.186.80861568102.20250618132559808.468 -> 冷冻消融及随访/北大人民医院
2026-03-30 15:17:32,406 [INFO] [887/1143] [OK] 1.2.840.113619.186.80861568102.20241204141818932.171 -> 冷冻消融及随访/北大人民医院
2026-03-30 15:17:32,413 [INFO] [888/1143] [OK] 1.2.840.113619.186.80861568102.20240914141155513.532 -> 冷冻消融及随访/北大人民医院
2026-03-30 15:17:32,417 [INFO] [889/1143] [OK] 1.2.840.113619.186.80861568102.20250117112233374.203 -> 冷冻消融及随访/北大人民医院
2026-03-30 15:17:32,441 [INFO] [890/1143] [OK] 1.2.840.113619.186.80861568102.20240912154524038.880 -> 冷冻消融及随访/北大人民医院
2026-03-30 15:17:32,442 [INFO] [891/1143] [OK] 1.2.840.113619.186.80861568102.20240913141726174.238 -> 冷冻消融及随访/北大人民医院
2026-03-30 15:17:32,444 [INFO] [892/1143] [OK] 1.2.840.113619.186.80861568102.20250616194603091.219 -> 冷冻消融及随访/北大人民医院
2026-03-30 15:17:32,453 [INFO] [893/1143] [OK] 1.2.840.113619.186.80861568102.20241016080328516.393 -> 冷冻消融及随访/北大人民医院
2026-03-30 15:17:32,455 [INFO] [894/1143] [OK] 1.2.840.113619.186.80861568102.20250728160040970.991 -> 冷冻消融及随访/北大人民医院
2026-03-30 15:17:32,458 [INFO] [895/1143] [OK] 1.2.840.113619.186.80861568102.20240913141443099.473 -> 冷冻消融及随访/北大人民医院
2026-03-30 15:17:32,462 [INFO] [896/1143] [OK] 1.2.840.113619.186.80861568102.20240923181803393.501 -> 冷冻消融及随访/北大人民医院
2026-03-30 15:17:32,465 [INFO] [897/1143] [OK] 1.2.840.113619.186.80861568102.20240914141404262.248 -> 冷冻消融及随访/北大人民医院
2026-03-30 15:17:32,466 [INFO] [898/1143] [OK] 1.2.840.113619.186.80861568102.20241028151146299.591 -> 冷冻消融及随访/北大人民医院
2026-03-30 15:17:32,473 [INFO] [899/1143] [OK] 1.2.840.113619.186.80861568102.20240923152135985.344 -> 冷冻消融及随访/北大人民医院
2026-03-30 15:17:32,486 [INFO] [900/1143] [OK] 1.2.840.113619.186.80861568102.20250305140818758.876 -> 冷冻消融及随访/北大人民医院
2026-03-30 15:17:32,499 [INFO] [901/1143] [OK] 1.2.840.113619.186.80861568102.20241028151118474.965 -> 冷冻消融及随访/北大人民医院
2026-03-30 15:17:32,501 [INFO] [902/1143] [OK] 1.2.840.113619.186.80861568102.20240921140614111.800 -> 冷冻消融及随访/北大人民医院
2026-03-30 15:17:32,502 [INFO] [903/1143] [OK] 1.2.840.113619.186.80861568102.20241027134126146.371 -> 冷冻消融及随访/北大人民医院
2026-03-30 15:17:32,513 [INFO] [904/1143] [OK] 1.2.840.113619.186.80861568102.20241026130308026.697 -> 冷冻消融及随访/北大人民医院
2026-03-30 15:17:32,516 [INFO] [905/1143] [OK] 1.2.840.113619.186.80861568102.20241028151058730.199 -> 冷冻消融及随访/北大人民医院
2026-03-30 15:17:32,536 [INFO] [906/1143] [OK] 1.2.840.113619.186.80861568102.20250117180144651.981 -> 冷冻消融及随访/北大人民医院
2026-03-30 15:17:32,537 [INFO] [907/1143] [OK] 1.2.840.113619.2.476.160767082714131144953147181610937127439 -> 冷冻消融及随访/北大人民医院
2026-03-30 15:17:32,538 [INFO] [908/1143] [OK] 1.2.840.113619.186.80861568102.20240923164705244.336 -> 冷冻消融及随访/北大人民医院
2026-03-30 15:17:32,538 [INFO] [909/1143] [OK] 1.2.840.113619.186.80861568102.20241113145446405.804 -> 冷冻消融及随访/北大人民医院
2026-03-30 15:17:32,539 [INFO] [910/1143] [OK] 1.2.840.113619.186.80861568102.20241113084046751.430 -> 冷冻消融及随访/北大人民医院
2026-03-30 15:17:32,555 [INFO] [911/1143] [OK] 1.2.840.113619.186.80861568102.20240928135310627.863 -> 冷冻消融及随访/北大人民医院
2026-03-30 15:17:32,558 [INFO] [912/1143] [OK] 1.2.840.113619.186.80861568102.20250117125224895.955 -> 冷冻消融及随访/北大人民医院
2026-03-30 15:17:32,575 [INFO] [913/1143] [OK] 1.2.840.113619.186.80861568102.20250516130241755.558 -> 冷冻消融及随访/北大人民医院
2026-03-30 15:17:32,577 [INFO] [914/1143] [OK] 1.2.840.113619.186.80861568102.20240930132443373.274 -> 冷冻消融及随访/北大人民医院
2026-03-30 15:17:32,578 [INFO] [915/1143] [OK] 1.2.840.113619.2.416.186746005231119405171067304432953844013 -> 冷冻消融及随访/北大人民医院
2026-03-30 15:17:32,578 [INFO] [916/1143] [OK] 1.2.840.113619.186.80861568102.20250724141134409.191 -> 冷冻消融及随访/北大人民医院
2026-03-30 15:17:32,578 [INFO] [917/1143] [OK] 1.2.840.113619.186.80861568102.20250611134153325.234 -> 冷冻消融及随访/北大人民医院
2026-03-30 15:17:32,588 [INFO] [918/1143] [OK] 1.2.840.113619.186.80861568102.20241021141254959.702 -> 冷冻消融及随访/北大人民医院
2026-03-30 15:17:32,592 [INFO] [919/1143] [OK] 1.2.840.113619.186.80861568102.20251223130843885.521 -> 冷冻消融及随访/北大人民医院
2026-03-30 15:17:32,592 [INFO] [920/1143] [OK] 1.2.840.113619.186.80861568102.20241016154547917.355 -> 冷冻消融及随访/北大人民医院
2026-03-30 15:17:32,608 [INFO] [921/1143] [OK] 1.2.840.113619.186.80861568102.20241104163800746.634 -> 冷冻消融及随访/北大人民医院
2026-03-30 15:17:32,625 [INFO] [922/1143] [OK] 1.2.840.113619.186.80861568102.20250331160636621.804 -> 冷冻消融及随访/北大人民医院
2026-03-30 15:17:32,626 [INFO] [923/1143] [OK] 1.2.840.113619.186.80861568102.20241209130029969.314 -> 冷冻消融及随访/北大人民医院
2026-03-30 15:17:32,629 [INFO] [924/1143] [OK] 1.2.840.113619.186.80861568102.20250402143555632.613 -> 冷冻消融及随访/北大人民医院
2026-03-30 15:17:32,630 [INFO] [925/1143] [OK] 1.2.840.113619.186.80861568102.20241021141239261.979 -> 冷冻消融及随访/北大人民医院
2026-03-30 15:17:32,631 [INFO] [926/1143] [OK] 1.2.840.113619.186.80861568102.20241130110141330.827 -> 冷冻消融及随访/北大人民医院
2026-03-30 15:17:32,632 [INFO] [927/1143] [OK] 1.2.840.113619.186.80861568102.20241013082712463.629 -> 冷冻消融及随访/北大人民医院
2026-03-30 15:17:32,656 [INFO] [928/1143] [OK] 1.2.840.113619.186.80861568102.20241017131216920.130 -> 冷冻消融及随访/北大人民医院
2026-03-30 15:17:32,657 [INFO] [929/1143] [OK] 1.2.840.113619.186.80861568102.20251022133307927.400 -> 冷冻消融及随访/北大人民医院
2026-03-30 15:17:32,657 [INFO] [930/1143] [OK] 1.2.840.113619.186.80861568102.20241019134458528.474 -> 冷冻消融及随访/北大人民医院
2026-03-30 15:17:32,667 [INFO] [931/1143] [OK] 1.2.840.113619.186.80861568102.20241026091006947.378 -> 冷冻消融及随访/北大人民医院
2026-03-30 15:17:32,668 [INFO] [932/1143] [OK] 1.2.840.113619.186.80861568102.20241127181602157.163 -> 冷冻消融及随访/北大人民医院
2026-03-30 15:17:32,672 [INFO] [933/1143] [OK] 1.2.840.113619.186.80861568102.20241023152747424.886 -> 冷冻消融及随访/北大人民医院
2026-03-30 15:17:32,676 [INFO] [934/1143] [OK] 1.2.840.113619.2.472.3.1124731650.315.1744719532.145 -> 冷冻消融及随访/北大人民医院
2026-03-30 15:17:32,684 [INFO] [935/1143] [OK] 1.2.840.113619.186.80861568102.20241104124105507.925 -> 冷冻消融及随访/北大人民医院
2026-03-30 15:17:32,701 [INFO] [936/1143] [OK] 1.2.840.113619.186.80861568102.20241223083859895.309 -> 冷冻消融及随访/北大人民医院
2026-03-30 15:17:32,702 [INFO] [937/1143] [OK] 1.2.840.113619.186.80861568102.20241118132653459.561 -> 冷冻消融及随访/北大人民医院
2026-03-30 15:17:32,719 [INFO] [938/1143] [OK] 1.2.840.113619.186.80861568102.20241126143548718.670 -> 冷冻消融及随访/北大人民医院
2026-03-30 15:17:32,724 [INFO] [939/1143] [OK] 1.2.840.113619.186.80861568102.20241104093431129.943 -> 冷冻消融及随访/北大人民医院
2026-03-30 15:17:32,738 [INFO] [940/1143] [OK] 1.2.840.113619.186.80861568102.20250411175702760.840 -> 冷冻消融及随访/北大人民医院
2026-03-30 15:17:32,742 [INFO] [941/1143] [OK] 1.2.840.113619.186.80861568102.20241118132711326.994 -> 冷冻消融及随访/北大人民医院
2026-03-30 15:17:32,749 [INFO] [942/1143] [OK] 1.2.840.113619.186.80861568102.20241116130537562.788 -> 冷冻消融及随访/北大人民医院
2026-03-30 15:17:32,755 [INFO] [943/1143] [OK] 1.2.840.113619.186.80861568102.20241225084403004.259 -> 冷冻消融及随访/北大人民医院
2026-03-30 15:17:32,785 [INFO] [944/1143] [OK] 1.2.840.113619.186.80861568102.20241116130604904.239 -> 冷冻消融及随访/北大人民医院
2026-03-30 15:17:32,790 [INFO] [945/1143] [OK] 1.2.840.113619.186.80861568102.20251213113142435.500 -> 冷冻消融及随访/北大人民医院
2026-03-30 15:17:32,803 [INFO] [946/1143] [OK] 1.2.840.113619.186.80861568102.20241125161038263.880 -> 冷冻消融及随访/北大人民医院
2026-03-30 15:17:32,817 [INFO] [947/1143] [OK] 1.2.840.113619.186.80861568102.20250618155917298.361 -> 冷冻消融及随访/北大人民医院
2026-03-30 15:17:32,818 [INFO] [948/1143] [OK] 1.2.840.113619.186.80861568102.20241224084229723.357 -> 冷冻消融及随访/北大人民医院
2026-03-30 15:17:32,818 [INFO] [949/1143] [OK] 1.2.840.113619.186.80861568102.20241123130712845.402 -> 冷冻消融及随访/北大人民医院
2026-03-30 15:17:32,826 [INFO] [950/1143] [OK] 1.2.840.113619.186.80861568102.20250324143909579.293 -> 冷冻消融及随访/北大人民医院
2026-03-30 15:17:32,827 [INFO] [951/1143] [OK] 1.2.840.113619.186.80861568102.20250314083316588.607 -> 冷冻消融及随访/北大人民医院
2026-03-30 15:17:32,855 [INFO] [952/1143] [OK] 1.2.840.113619.2.476.222179934530855044526117953911471552694 -> 冷冻消融及随访/北大人民医院
2026-03-30 15:17:32,855 [INFO] [953/1143] [OK] 1.2.840.113619.186.80861568102.20250526123245490.389 -> 冷冻消融及随访/北大人民医院
2026-03-30 15:17:32,870 [INFO] [954/1143] [OK] 1.2.840.113619.186.80861568102.20241214130652079.356 -> 冷冻消融及随访/北大人民医院
2026-03-30 15:17:32,871 [INFO] [955/1143] [OK] 1.2.840.113619.186.80861568102.20241216164803106.822 -> 冷冻消融及随访/北大人民医院
2026-03-30 15:17:32,871 [INFO] [956/1143] [OK] 1.2.840.113619.2.416.275973874123789388346016956046517692109 -> 冷冻消融及随访/北大人民医院
2026-03-30 15:17:32,871 [INFO] [957/1143] [OK] 1.2.840.113619.186.80861568102.20250312143906175.366 -> 冷冻消融及随访/北大人民医院
2026-03-30 15:17:32,881 [INFO] [958/1143] [OK] 1.2.840.113619.186.80861568102.20250106140824637.980 -> 冷冻消融及随访/北大人民医院
2026-03-30 15:17:32,881 [INFO] [959/1143] [OK] 1.2.840.113619.186.80861568102.20250310124538434.405 -> 冷冻消融及随访/北大人民医院
2026-03-30 15:17:32,887 [INFO] [960/1143] [OK] 1.2.840.113619.2.416.21354512992669918714876102623783224130 -> 冷冻消融及随访/北大人民医院
2026-03-30 15:17:32,894 [INFO] [961/1143] [OK] 1.2.840.113619.2.416.112314402997400401162317595178754073157 -> 冷冻消融及随访/北大人民医院
2026-03-30 15:17:53,917 [ERROR] [962/1143] [FAIL] 1.2.840.113619.186.80861568102.20250918125818576.777 更新失败 (标签值: 冷冻消融及随访/北大人民医院)
2026-03-30 15:18:02,895 [ERROR] [963/1143] [FAIL] 1.2.840.113619.186.80861568102.20250219145205085.672 更新失败 (标签值: 冷冻消融及随访/北大人民医院)
2026-03-30 15:18:02,895 [INFO] [964/1143] [SKIP] 1.2.840.113619.186.80861568102.20250808130044765.350 (未找到标签 77771027)
2026-03-30 15:18:02,909 [ERROR] [965/1143] [FAIL] 1.2.840.113619.186.80861568102.20251215083154519.450 更新失败 (标签值: 冷冻消融及随访/北大人民医院)
2026-03-30 15:18:02,925 [ERROR] [966/1143] [FAIL] 1.2.840.113619.186.80861568102.20250516103513114.280 更新失败 (标签值: 冷冻消融及随访/北大人民医院)
2026-03-30 15:18:02,926 [INFO] [967/1143] [SKIP] 1.2.840.113619.186.80861568102.20250201102559436.922 (未找到标签 77771027)
2026-03-30 15:18:02,940 [ERROR] [968/1143] [FAIL] 1.2.840.113619.186.80861568102.20250106140906664.602 更新失败 (标签值: 冷冻消融及随访/北大人民医院)
2026-03-30 15:18:02,942 [ERROR] [969/1143] [FAIL] 1.2.840.113619.186.80861568102.20250217152319019.622 更新失败 (标签值: 冷冻消融及随访/北大人民医院)
2026-03-30 15:18:04,027 [INFO] [970/1143] [OK] 1.2.840.113619.186.80861568102.20250108143243466.614 -> 冷冻消融及随访/北大人民医院
2026-03-30 15:18:04,029 [INFO] [971/1143] [OK] 1.2.840.113619.186.80861568102.20251227095532589.570 -> 冷冻消融及随访/北大人民医院
2026-03-30 15:18:04,029 [INFO] [972/1143] [OK] 1.2.840.113619.186.80861568102.20250108143227931.941 -> 冷冻消融及随访/北大人民医院
2026-03-30 15:18:04,035 [INFO] [973/1143] [OK] 1.2.840.113619.186.80861568102.20250106162104376.373 -> 冷冻消融及随访/北大人民医院
2026-03-30 15:18:04,035 [INFO] [974/1143] [OK] 1.2.840.113619.186.80861568102.20250103153122851.556 -> 冷冻消融及随访/北大人民医院
2026-03-30 15:18:04,037 [INFO] [975/1143] [OK] 1.2.840.113619.186.80861568102.20250222153842927.638 -> 冷冻消融及随访/北大人民医院
2026-03-30 15:18:04,038 [INFO] [976/1143] [OK] 1.2.840.113619.186.80861568102.20250106161622661.167 -> 冷冻消融及随访/北大人民医院
2026-03-30 15:18:04,053 [INFO] [977/1143] [OK] 1.2.840.113619.186.80861568102.20250205141109984.460 -> 冷冻消融及随访/北大人民医院
2026-03-30 15:18:04,074 [INFO] [978/1143] [OK] 1.2.840.113619.2.472.3.1124731650.384.1740959547.910 -> 冷冻消融及随访/北大人民医院
2026-03-30 15:18:04,076 [INFO] [979/1143] [OK] 1.2.840.113619.186.80861568102.20250604111156654.137 -> 冷冻消融及随访/北大人民医院
2026-03-30 15:18:04,077 [INFO] [980/1143] [OK] 1.2.840.113619.186.80861568102.20250212061419674.825 -> 冷冻消融及随访/北大人民医院
2026-03-30 15:18:04,077 [INFO] [981/1143] [OK] 1.2.840.113619.186.80861568102.20251229104940382.502 -> 冷冻消融及随访/北大人民医院
2026-03-30 15:18:04,088 [INFO] [982/1143] [OK] 1.2.840.113619.186.80861568102.20250111132144420.817 -> 冷冻消融及随访/北大人民医院
2026-03-30 15:18:04,089 [INFO] [983/1143] [OK] 1.2.840.113619.186.80861568102.20250514134953947.725 -> 冷冻消融及随访/北大人民医院
2026-03-30 15:18:04,092 [INFO] [984/1143] [OK] 1.2.840.113619.186.80861568102.20250113142013549.887 -> 冷冻消融及随访/北大人民医院
2026-03-30 15:18:04,099 [INFO] [985/1143] [OK] 1.2.840.113619.186.80861568102.20250516115123764.747 -> 冷冻消融及随访/北大人民医院
2026-03-30 15:18:04,104 [INFO] [986/1143] [OK] 1.2.840.113619.186.80861568102.20250915153725262.710 -> 冷冻消融及随访/北大人民医院
2026-03-30 15:18:04,133 [INFO] [987/1143] [OK] 1.2.840.113619.186.80861568102.20250115174849430.506 -> 冷冻消融及随访/北大人民医院
2026-03-30 15:18:04,133 [INFO] [988/1143] [OK] 1.2.840.113619.186.80861568102.20250114142136009.186 -> 冷冻消融及随访/北大人民医院
2026-03-30 15:18:04,134 [INFO] [989/1143] [OK] 1.2.840.113619.186.80861568102.20250617143547497.506 -> 冷冻消融及随访/北大人民医院
2026-03-30 15:18:04,134 [INFO] [990/1143] [OK] 1.2.840.113619.186.80861568102.20250210125120381.224 -> 冷冻消融及随访/北大人民医院
2026-03-30 15:18:04,136 [INFO] [991/1143] [OK] 1.2.840.113619.186.80861568102.20250115181625636.488 -> 冷冻消融及随访/北大人民医院
2026-03-30 15:18:04,138 [INFO] [992/1143] [OK] 1.2.840.113619.2.472.3.1124731650.453.1739490099.620 -> 冷冻消融及随访/北大人民医院
2026-03-30 15:18:04,138 [INFO] [993/1143] [OK] 1.2.840.113619.2.416.172676878318891457469243279206676357444 -> 冷冻消融及随访/北大人民医院
2026-03-30 15:18:04,159 [INFO] [994/1143] [OK] 1.2.840.113619.186.80861568102.20250120135302850.591 -> 冷冻消融及随访/北大人民医院
2026-03-30 15:18:04,160 [INFO] [995/1143] [OK] 1.2.840.113619.186.80861568102.20251029133710914.747 -> 冷冻消融及随访/北大人民医院
2026-03-30 15:18:04,161 [INFO] [996/1143] [OK] 1.2.840.113619.186.80861568102.20251027162632714.445 -> 冷冻消融及随访/北大人民医院
2026-03-30 15:18:04,163 [INFO] [997/1143] [OK] 1.2.840.113619.186.80861568102.20250428152253588.762 -> 冷冻消融及随访/北大人民医院
2026-03-30 15:18:04,167 [INFO] [998/1143] [OK] 1.2.840.113619.186.80861568102.20250618183252916.122 -> 冷冻消融及随访/北大人民医院
2026-03-30 15:18:04,175 [INFO] [999/1143] [OK] 1.2.840.113619.186.80861568102.20250328103233747.650 -> 冷冻消融及随访/北大人民医院
2026-03-30 15:18:04,179 [INFO] [1000/1143] [OK] 1.2.840.113619.186.80861568102.20251029104435096.898 -> 冷冻消融及随访/北大人民医院
2026-03-30 15:18:04,179 [INFO] [1001/1143] [OK] 1.2.840.113619.186.80861568102.20250117160739817.367 -> 冷冻消融及随访/北大人民医院
2026-03-30 15:18:04,193 [INFO] [1002/1143] [OK] 1.2.840.113619.2.416.158324821752417113401972669969137855025 -> 冷冻消融及随访/北大人民医院
2026-03-30 15:18:04,207 [INFO] [1003/1143] [OK] 1.2.840.113619.2.472.3.1124731650.561.1742946833.376 -> 冷冻消融及随访/北大人民医院
2026-03-30 15:18:04,208 [INFO] [1004/1143] [OK] 1.2.840.113619.186.80861568102.20250209131131041.157 -> 冷冻消融及随访/北大人民医院
2026-03-30 15:18:04,208 [INFO] [1005/1143] [OK] 1.2.840.113619.186.80861568102.20250224130321513.824 -> 冷冻消融及随访/北大人民医院
2026-03-30 15:18:04,210 [INFO] [1006/1143] [OK] 1.2.840.113619.186.80861568102.20250616135327155.198 -> 冷冻消融及随访/北大人民医院
2026-03-30 15:18:04,210 [INFO] [1007/1143] [OK] 1.2.840.113619.186.80861568102.20250210125056122.245 -> 冷冻消融及随访/北大人民医院
2026-03-30 15:18:04,211 [INFO] [1008/1143] [OK] 1.2.840.113619.186.80861568102.20250226141849925.291 -> 冷冻消融及随访/北大人民医院
2026-03-30 15:18:04,226 [INFO] [1009/1143] [OK] 1.2.840.113619.186.80861568102.20250301093652609.449 -> 冷冻消融及随访/北大人民医院
2026-03-30 15:18:04,240 [INFO] [1010/1143] [OK] 1.2.840.113619.2.476.223175388923176434745108782238175382596 -> 冷冻消融及随访/北大人民医院
2026-03-30 15:18:04,252 [INFO] [1011/1143] [OK] 1.2.840.113619.186.80861568102.20250714164721221.701 -> 冷冻消融及随访/北大人民医院
2026-03-30 15:18:04,252 [INFO] [1012/1143] [OK] 1.2.840.113619.186.80861568102.20250409085436717.656 -> 冷冻消融及随访/北大人民医院
2026-03-30 15:18:04,253 [INFO] [1013/1143] [OK] 1.2.840.113619.186.80861568102.20250414142414610.631 -> 冷冻消融及随访/北大人民医院
2026-03-30 15:18:04,254 [INFO] [1014/1143] [OK] 1.2.840.113619.2.476.23463266106261722377632901894370962782 -> 冷冻消融及随访/北大人民医院
2026-03-30 15:18:04,254 [INFO] [1015/1143] [OK] 1.2.840.113619.2.476.260000429219751681645610604693799124622 -> 冷冻消融及随访/北大人民医院
2026-03-30 15:18:04,273 [INFO] [1016/1143] [OK] 1.2.840.113619.186.80861568102.20250310124514445.945 -> 冷冻消融及随访/北大人民医院
2026-03-30 15:18:04,277 [INFO] [1017/1143] [OK] 1.2.840.113619.186.80861568102.20250319133747357.946 -> 冷冻消融及随访/北大人民医院
2026-03-30 15:18:04,279 [INFO] [1018/1143] [OK] 1.2.840.113619.186.80861568102.20250317134755151.710 -> 冷冻消融及随访/北大人民医院
2026-03-30 15:18:04,288 [INFO] [1019/1143] [OK] 1.2.840.113619.186.80861568102.20250319174426840.894 -> 冷冻消融及随访/北大人民医院
2026-03-30 15:18:04,290 [INFO] [1020/1143] [OK] 1.2.840.113619.186.80861568102.20250311100854271.430 -> 冷冻消融及随访/北大人民医院
2026-03-30 15:18:04,297 [INFO] [1021/1143] [OK] 1.2.840.113619.186.80861568102.20250409143336699.824 -> 冷冻消融及随访/北大人民医院
2026-03-30 15:18:04,298 [INFO] [1022/1143] [OK] 1.2.840.113619.186.80861568102.20250317163347107.760 -> 冷冻消融及随访/北大人民医院
2026-03-30 15:18:04,300 [INFO] [1023/1143] [OK] 1.2.840.113619.186.80861568102.20250519131428156.376 -> 冷冻消融及随访/北大人民医院
2026-03-30 15:18:04,317 [INFO] [1024/1143] [OK] 1.2.840.113619.186.80861568102.20250326130242842.459 -> 冷冻消融及随访/北大人民医院
2026-03-30 15:18:04,319 [INFO] [1025/1143] [OK] 1.2.840.113619.2.472.3.1124731650.888.1742560965.663 -> 冷冻消融及随访/北大人民医院
2026-03-30 15:18:04,319 [INFO] [1026/1143] [OK] 1.2.840.113619.186.80861568102.20250521133439048.736 -> 冷冻消融及随访/北大人民医院
2026-03-30 15:18:04,330 [INFO] [1027/1143] [OK] 1.2.840.113619.2.472.3.1124731650.599.1747612107.245 -> 冷冻消融及随访/北大人民医院
2026-03-30 15:18:04,336 [INFO] [1028/1143] [OK] 1.2.840.113619.186.80861568102.20250402152428322.139 -> 冷冻消融及随访/北大人民医院
2026-03-30 15:18:04,343 [INFO] [1029/1143] [OK] 1.2.840.113619.186.80861568102.20250326091515259.351 -> 冷冻消融及随访/北大人民医院
2026-03-30 15:18:04,346 [INFO] [1030/1143] [OK] 1.2.840.113619.186.80861568102.20250617143206833.300 -> 冷冻消融及随访/北大人民医院
2026-03-30 15:18:04,347 [INFO] [1031/1143] [OK] 1.2.840.113619.186.80861568102.20250401105152413.745 -> 冷冻消融及随访/北大人民医院
2026-03-30 15:18:04,348 [INFO] [1032/1143] [OK] 1.2.840.113619.186.80861568102.20251011141852507.872 -> 冷冻消融及随访/北大人民医院
2026-03-30 15:18:04,361 [INFO] [1033/1143] [OK] 1.2.840.113619.186.80861568102.20250929144408794.823 -> 冷冻消融及随访/北大人民医院
2026-03-30 15:18:04,364 [INFO] [1034/1143] [OK] 1.2.840.113619.186.80861568102.20250620134443872.185 -> 冷冻消融及随访/北大人民医院
2026-03-30 15:18:04,365 [INFO] [1035/1143] [OK] 1.2.840.113619.186.80861568102.20250519131445847.892 -> 冷冻消融及随访/北大人民医院
2026-03-30 15:18:04,384 [INFO] [1036/1143] [OK] 1.2.840.113619.186.80861568102.20250721134146312.462 -> 冷冻消融及随访/北大人民医院
2026-03-30 15:18:04,384 [INFO] [1037/1143] [OK] 1.2.840.113619.2.476.156979268286833870658999434121998018955 -> 冷冻消融及随访/北大人民医院
2026-03-30 15:18:04,386 [INFO] [1038/1143] [OK] 1.2.840.113619.186.80861568102.20250623132139242.657 -> 冷冻消融及随访/北大人民医院
2026-03-30 15:18:04,386 [INFO] [1039/1143] [OK] 1.2.840.113619.186.80861568102.20251210132131723.930 -> 冷冻消融及随访/北大人民医院
2026-03-30 15:18:04,403 [INFO] [1040/1143] [OK] 1.2.840.113619.186.80861568102.20250720090753804.738 -> 冷冻消融及随访/北大人民医院
2026-03-30 15:18:04,405 [INFO] [1041/1143] [OK] 1.2.840.113619.186.80861568102.20250928154040096.448 -> 冷冻消融及随访/北大人民医院
2026-03-30 15:18:04,406 [INFO] [1042/1143] [OK] 1.2.840.113619.186.80861568102.20251208164949209.411 -> 冷冻消融及随访/北大人民医院
2026-03-30 15:18:04,422 [INFO] [1043/1143] [OK] 1.2.840.113619.186.80861568102.20250430141539981.552 -> 冷冻消融及随访/北大人民医院
2026-03-30 15:18:04,423 [INFO] [1044/1143] [OK] 1.2.840.113619.186.80861568102.20250429130841952.228 -> 冷冻消融及随访/北大人民医院
2026-03-30 15:18:04,424 [INFO] [1045/1143] [OK] 1.2.840.113619.2.472.3.1124731650.512.1745469160.126 -> 冷冻消融及随访/北大人民医院
2026-03-30 15:18:04,426 [INFO] [1046/1143] [OK] 1.2.840.113619.186.80861568102.20251207104739852.360 -> 冷冻消融及随访/北大人民医院
2026-03-30 15:18:04,441 [INFO] [1047/1143] [OK] 1.2.840.113619.186.80861568102.20250507134610081.580 -> 冷冻消融及随访/北大人民医院
2026-03-30 15:18:04,442 [INFO] [1048/1143] [OK] 1.2.840.113619.186.80861568102.20250507134554413.660 -> 冷冻消融及随访/北大人民医院
2026-03-30 15:18:04,442 [INFO] [1049/1143] [OK] 1.2.840.113619.186.80861568102.20250506095602598.844 -> 冷冻消融及随访/北大人民医院
2026-03-30 15:18:04,444 [INFO] [1050/1143] [OK] 1.2.840.113619.186.80861568102.20250702142140914.936 -> 冷冻消融及随访/北大人民医院
2026-03-30 15:18:04,446 [INFO] [1051/1143] [OK] 1.2.840.113619.186.80861568102.20251115164413990.195 -> 冷冻消融及随访/北大人民医院
2026-03-30 15:18:04,457 [INFO] [1052/1143] [OK] 1.2.840.113619.186.80861568102.20250715150712961.753 -> 冷冻消融及随访/北大人民医院
2026-03-30 15:18:04,466 [INFO] [1053/1143] [OK] 1.2.840.113619.186.80861568102.20250609131717445.404 -> 冷冻消融及随访/北大人民医院
2026-03-30 15:18:04,471 [INFO] [1054/1143] [OK] 1.2.840.113619.186.80861568102.20250604152500345.852 -> 冷冻消融及随访/北大人民医院
2026-03-30 15:18:04,472 [INFO] [1055/1143] [OK] 1.2.840.113619.2.476.135401700832224491934276769726732212716 -> 冷冻消融及随访/北大人民医院
2026-03-30 15:18:04,476 [INFO] [1056/1143] [OK] 1.2.840.113619.186.80861568102.20250603102817121.536 -> 冷冻消融及随访/北大人民医院
2026-03-30 15:18:04,480 [INFO] [1057/1143] [OK] 1.2.840.113619.186.80861568102.20250616135300247.419 -> 冷冻消融及随访/北大人民医院
2026-03-30 15:18:04,489 [INFO] [1058/1143] [OK] 1.2.840.113619.186.80861568102.20250607143711585.126 -> 冷冻消融及随访/北大人民医院
2026-03-30 15:18:04,493 [INFO] [1059/1143] [OK] 1.2.840.113619.186.80861568102.20250615085718614.148 -> 冷冻消融及随访/北大人民医院
2026-03-30 15:18:04,496 [INFO] [1060/1143] [OK] 1.2.840.113619.186.80861568102.20250714160857171.121 -> 冷冻消融及随访/北大人民医院
2026-03-30 15:18:04,500 [INFO] [1061/1143] [OK] 1.2.840.113619.186.80861568102.20251110145407075.976 -> 冷冻消融及随访/北大人民医院
2026-03-30 15:18:04,501 [INFO] [1062/1143] [OK] 1.2.840.113619.2.476.269426296384377865958879917003058700526 -> 冷冻消融及随访/北大人民医院
2026-03-30 15:18:04,503 [INFO] [1063/1143] [OK] 1.2.840.113619.186.80861568102.20250623132155709.769 -> 冷冻消融及随访/北大人民医院
2026-03-30 15:18:04,514 [INFO] [1064/1143] [OK] 1.2.840.113619.186.80861568102.20250617175720722.590 -> 冷冻消融及随访/北大人民医院
2026-03-30 15:18:04,534 [INFO] [1065/1143] [OK] 1.2.840.113619.186.80861568102.20250906140941945.386 -> 冷冻消融及随访/北大人民医院
2026-03-30 15:18:04,537 [INFO] [1066/1143] [OK] 1.2.840.113619.186.80861568102.20251022132153086.750 -> 冷冻消融及随访/北大人民医院
2026-03-30 15:18:04,538 [INFO] [1067/1143] [OK] 1.2.840.113619.186.80861568102.20250621150331237.710 -> 冷冻消融及随访/北大人民医院
2026-03-30 15:18:04,539 [INFO] [1068/1143] [OK] 1.2.840.113619.2.472.3.1124731650.636.1752301025.894 -> 冷冻消融及随访/北大人民医院
2026-03-30 15:18:04,554 [INFO] [1069/1143] [OK] 1.2.840.113619.186.80861568102.20251020164132888.137 -> 冷冻消融及随访/北大人民医院
2026-03-30 15:18:04,555 [INFO] [1070/1143] [OK] 1.2.840.113619.186.80861568102.20251120174943836.923 -> 冷冻消融及随访/北大人民医院
2026-03-30 15:18:04,568 [INFO] [1071/1143] [OK] 1.2.840.113619.186.80861568102.20250804144541941.591 -> 冷冻消融及随访/北大人民医院
2026-03-30 15:18:04,570 [INFO] [1072/1143] [OK] 1.2.840.113619.186.80861568102.20250730134151697.524 -> 冷冻消融及随访/北大人民医院
2026-03-30 15:18:04,572 [INFO] [1073/1143] [OK] 1.2.840.113619.186.80861568102.20250905092044703.940 -> 冷冻消融及随访/北大人民医院
2026-03-30 15:18:04,573 [INFO] [1074/1143] [OK] 1.2.528.1.1001.100.2.22349.15469.1967251285.20250826125035769 -> 冷冻消融及随访/北大人民医院
2026-03-30 15:18:04,577 [INFO] [1075/1143] [OK] 1.2.840.113619.186.80861568102.20250726095112599.525 -> 冷冻消融及随访/北大人民医院
2026-03-30 15:18:04,577 [INFO] [1076/1143] [OK] 1.2.840.113619.186.80861568102.20250728095710972.719 -> 冷冻消融及随访/北大人民医院
2026-03-30 15:18:04,580 [INFO] [1077/1143] [OK] 1.2.840.113619.186.80861568102.20251019130256430.293 -> 冷冻消融及随访/北大人民医院
2026-03-30 15:18:04,596 [INFO] [1078/1143] [OK] 1.2.840.113619.186.80861568102.20250922102324070.103 -> 冷冻消融及随访/北大人民医院
2026-03-30 15:18:04,597 [INFO] [1079/1143] [OK] 1.2.840.113619.186.80861568102.20250829093641076.462 -> 冷冻消融及随访/北大人民医院
2026-03-30 15:18:04,598 [INFO] [1080/1143] [OK] 1.2.840.113619.186.80861568102.20250806135748090.955 -> 冷冻消融及随访/北大人民医院
2026-03-30 15:18:04,613 [INFO] [1081/1143] [OK] 1.2.840.113619.186.80861568102.20251111151234877.615 -> 冷冻消融及随访/北大人民医院
2026-03-30 15:18:04,614 [INFO] [1082/1143] [OK] 1.2.840.113619.186.80861568102.20250723135222398.775 -> 冷冻消融及随访/北大人民医院
2026-03-30 15:18:04,625 [INFO] [1083/1143] [OK] 1.2.840.113619.186.80861568102.20250909085314256.856 -> 冷冻消融及随访/北大人民医院
2026-03-30 15:18:04,626 [INFO] [1084/1143] [OK] 1.2.840.113619.2.476.206705488546504346560472012425114492228 -> 冷冻消融及随访/北大人民医院
2026-03-30 15:18:04,643 [INFO] [1085/1143] [OK] 1.2.840.113619.186.80861568102.20250824102135961.449 -> 冷冻消融及随访/北大人民医院
2026-03-30 15:18:04,643 [INFO] [1086/1143] [OK] 1.2.840.113619.186.80861568102.20250811125536487.732 -> 冷冻消融及随访/北大人民医院
2026-03-30 15:18:04,645 [INFO] [1087/1143] [OK] 1.2.840.113619.186.80861568102.20250721134126950.324 -> 冷冻消融及随访/北大人民医院
2026-03-30 15:18:04,646 [INFO] [1088/1143] [OK] 1.2.840.113619.186.80861568102.20250720090815375.239 -> 冷冻消融及随访/北大人民医院
2026-03-30 15:18:04,648 [INFO] [1089/1143] [OK] 1.2.840.113619.186.80861568102.20250810090835560.449 -> 冷冻消融及随访/北大人民医院
2026-03-30 15:18:04,664 [INFO] [1090/1143] [OK] 1.2.840.113619.186.80861568102.20250811125515499.727 -> 冷冻消融及随访/北大人民医院
2026-03-30 15:18:04,664 [INFO] [1091/1143] [OK] 1.2.840.113619.186.80861568102.20250913112838754.699 -> 冷冻消融及随访/北大人民医院
2026-03-30 15:18:04,669 [INFO] [1092/1143] [OK] 1.2.840.113619.186.80861568102.20251127125718243.218 -> 冷冻消融及随访/北大人民医院
2026-03-30 15:18:04,678 [INFO] [1093/1143] [OK] 1.2.840.113619.186.80861568102.20251020190213894.253 -> 冷冻消融及随访/北大人民医院
2026-03-30 15:18:04,680 [INFO] [1094/1143] [OK] 1.2.840.113619.186.80861568102.20250811103734121.463 -> 冷冻消融及随访/北大人民医院
2026-03-30 15:18:04,681 [INFO] [1095/1143] [OK] 1.2.840.113619.186.80861568102.20250818144929315.165 -> 冷冻消融及随访/北大人民医院
2026-03-30 15:18:04,682 [INFO] [1096/1143] [OK] 1.2.840.113619.186.80861568102.20251217134531092.253 -> 冷冻消融及随访/北大人民医院
2026-03-30 15:18:04,703 [INFO] [1097/1143] [OK] 1.2.840.113619.186.80861568102.20250820140719087.691 -> 冷冻消融及随访/北大人民医院
2026-03-30 15:18:04,704 [INFO] [1098/1143] [OK] 1.2.840.113619.186.80861568102.20251020130544186.878 -> 冷冻消融及随访/北大人民医院
2026-03-30 15:18:04,705 [INFO] [1099/1143] [OK] 1.2.840.113619.186.80861568102.20250828090335110.874 -> 冷冻消融及随访/北大人民医院
2026-03-30 15:18:04,706 [INFO] [1100/1143] [OK] 1.2.840.113619.186.80861568102.20250922134002908.784 -> 冷冻消融及随访/北大人民医院
2026-03-30 15:18:04,720 [INFO] [1101/1143] [OK] 1.2.840.113619.186.80861568102.20250819150916368.620 -> 冷冻消融及随访/北大人民医院
2026-03-30 15:18:04,722 [INFO] [1102/1143] [OK] 1.2.840.113619.186.80861568102.20251216092004607.842 -> 冷冻消融及随访/北大人民医院
2026-03-30 15:18:04,727 [INFO] [1103/1143] [OK] 1.2.840.113619.186.80861568102.20250824105330423.210 -> 冷冻消融及随访/北大人民医院
2026-03-30 15:18:04,732 [INFO] [1104/1143] [OK] 1.2.840.113619.186.80861568102.20250922133944639.393 -> 冷冻消融及随访/北大人民医院
2026-03-30 15:18:04,748 [INFO] [1105/1143] [OK] 1.2.840.113619.186.80861568102.20250826100416164.855 -> 冷冻消融及随访/北大人民医院
2026-03-30 15:18:04,749 [INFO] [1106/1143] [OK] 1.2.840.113619.186.80861568102.20250825163538817.740 -> 冷冻消融及随访/北大人民医院
2026-03-30 15:18:04,749 [INFO] [1107/1143] [OK] 1.2.840.113619.186.80861568102.20250827142935170.693 -> 冷冻消融及随访/北大人民医院
2026-03-30 15:18:04,762 [INFO] [1108/1143] [OK] 1.2.840.113619.186.80861568102.20250827160039040.812 -> 冷冻消融及随访/北大人民医院
2026-03-30 15:18:04,763 [INFO] [1109/1143] [OK] 1.2.840.113619.2.476.255691970381829465043685704998126804994 -> 冷冻消融及随访/北大人民医院
2026-03-30 15:18:04,766 [INFO] [1110/1143] [OK] 1.2.840.113619.186.80861568102.20251226141551911.847 -> 冷冻消融及随访/北大人民医院
2026-03-30 15:18:04,773 [INFO] [1111/1143] [OK] 1.2.840.113619.186.80861568102.20251013132733141.177 -> 冷冻消融及随访/北大人民医院
2026-03-30 15:18:04,773 [INFO] [1112/1143] [OK] 1.2.840.113619.186.80861568102.20250901131408427.673 -> 冷冻消融及随访/北大人民医院
2026-03-30 15:18:04,780 [INFO] [1113/1143] [OK] 1.2.840.113619.186.80861568102.20250831142420275.888 -> 冷冻消融及随访/北大人民医院
2026-03-30 15:18:04,784 [INFO] [1114/1143] [OK] 1.2.840.113619.186.80861568102.20251011162043921.832 -> 冷冻消融及随访/北大人民医院
2026-03-30 15:18:04,788 [INFO] [1115/1143] [OK] 1.2.840.113619.186.80861568102.20250910160028676.940 -> 冷冻消融及随访/北大人民医院
2026-03-30 15:18:04,796 [INFO] [1116/1143] [OK] 1.2.840.113619.186.80861568102.20250901164312400.320 -> 冷冻消融及随访/北大人民医院
2026-03-30 15:18:04,808 [INFO] [1117/1143] [OK] 1.2.840.113619.186.80861568102.20250908094707624.129 -> 冷冻消融及随访/北大人民医院
2026-03-30 15:18:04,808 [INFO] [1118/1143] [OK] 1.2.840.113619.186.80861568102.20250909140512835.799 -> 冷冻消融及随访/北大人民医院
2026-03-30 15:18:04,812 [INFO] [1119/1143] [OK] 1.2.840.113619.186.80861568102.20250908141053164.465 -> 冷冻消融及随访/北大人民医院
2026-03-30 15:18:04,814 [INFO] [1120/1143] [OK] 1.2.840.113619.186.80861568102.20250903140828537.250 -> 冷冻消融及随访/北大人民医院
2026-03-30 15:18:04,819 [INFO] [1121/1143] [OK] 1.2.840.113619.186.80861568102.20251023123137947.298 -> 冷冻消融及随访/北大人民医院
2026-03-30 15:18:04,820 [INFO] [1122/1143] [OK] 1.2.840.113619.186.80861568102.20250919163136228.945 -> 冷冻消融及随访/北大人民医院
2026-03-30 15:18:04,824 [INFO] [1123/1143] [OK] 1.2.840.113619.186.80861568102.20250922134042315.100 -> 冷冻消融及随访/北大人民医院
2026-03-30 15:18:04,828 [INFO] [1124/1143] [OK] 1.2.840.113619.186.80861568102.20250924131419004.739 -> 冷冻消融及随访/北大人民医院
2026-03-30 15:18:04,841 [INFO] [1125/1143] [OK] 1.2.840.113619.186.80861568102.20251013132815622.651 -> 冷冻消融及随访/北大人民医院
2026-03-30 15:18:04,842 [INFO] [1126/1143] [OK] 1.2.840.113619.186.80861568102.20251015164819579.134 -> 冷冻消融及随访/北大人民医院
2026-03-30 15:18:04,848 [INFO] [1127/1143] [OK] 1.2.840.113619.186.80861568102.20250922152631587.478 -> 冷冻消融及随访/北大人民医院
2026-03-30 15:18:04,855 [INFO] [1128/1143] [OK] 1.2.840.113619.186.80861568102.20251013132756477.286 -> 冷冻消融及随访/北大人民医院
2026-03-30 15:18:04,860 [INFO] [1129/1143] [OK] 1.2.840.113619.186.80861568102.20251012134940699.103 -> 冷冻消融及随访/北大人民医院
2026-03-30 15:18:04,860 [INFO] [1130/1143] [OK] 1.2.840.113619.186.80861568102.20251013185418003.903 -> 冷冻消融及随访/北大人民医院
2026-03-30 15:18:04,869 [INFO] [1131/1143] [OK] 1.2.840.113619.186.80861568102.20251120163157202.469 -> 冷冻消融及随访/北大人民医院
2026-03-30 15:18:04,869 [INFO] [1132/1143] [OK] 1.2.156.14702.1.1015.124.0.20251020145404612 -> 冷冻消融及随访/北大人民医院
2026-03-30 15:18:04,871 [INFO] [1133/1143] [OK] 1.2.840.113619.186.80861568102.20251020144856543.257 -> 冷冻消融及随访/北大人民医院
2026-03-30 15:18:04,884 [INFO] [1134/1143] [OK] 1.2.840.113619.186.80861568102.20251022132134029.248 -> 冷冻消融及随访/北大人民医院
2026-03-30 15:18:04,884 [INFO] [1135/1143] [OK] 1.2.840.113619.186.80861568102.20251027132930236.126 -> 冷冻消融及随访/北大人民医院
2026-03-30 15:18:04,900 [INFO] [1136/1143] [OK] 1.2.840.113619.186.80861568102.20251015140848795.347 -> 冷冻消融及随访/北大人民医院
2026-03-30 15:18:04,900 [INFO] [1137/1143] [OK] 1.2.840.113619.186.80861568102.20251013180915377.220 -> 冷冻消融及随访/北大人民医院
2026-03-30 15:18:04,901 [INFO] [1138/1143] [OK] 1.2.840.113619.186.80861568102.20251026153527587.146 -> 冷冻消融及随访/北大人民医院
2026-03-30 15:18:04,916 [INFO] [1139/1143] [OK] 1.2.840.113619.186.80861568102.20251020162816719.493 -> 冷冻消融及随访/北大人民医院
2026-03-30 15:18:04,916 [INFO] [1140/1143] [OK] 1.2.840.113619.186.80861568102.20251213150537155.430 -> 冷冻消融及随访/北大人民医院
2026-03-30 15:18:04,916 [INFO] [1141/1143] [OK] 1.2.840.113619.186.80861568102.20251027135506859.778 -> 冷冻消融及随访/北大人民医院
2026-03-30 15:18:04,924 [INFO] [1142/1143] [OK] 1.2.840.113619.186.80861568102.20251027133001465.457 -> 冷冻消融及随访/北大人民医院
2026-03-30 15:18:04,925 [INFO] [1143/1143] [OK] 1.2.840.113619.186.80861568102.20251029133729284.435 -> 冷冻消融及随访/北大人民医院
2026-03-30 15:18:04,925 [INFO] ============================================================
2026-03-30 15:18:04,925 [INFO] 同步任务结束:
2026-03-30 15:18:04,925 [INFO]   总计 Study: 1143
2026-03-30 15:18:04,925 [INFO]   同步成功: 1108
2026-03-30 15:18:04,926 [INFO]   同步失败: 17
2026-03-30 15:18:04,926 [INFO]   由于缺少标签跳过: 18
2026-03-30 15:18:04,926 [INFO] 日志详情详见: E:\otherProjects\Viewers\sync_study_category_from_tag.log
2026-03-30 15:18:04,926 [INFO] ============================================================
